// Auto-generated from fmoe_bf16_pertokenMXfp4_g1u1_novs_silu_2tg_ps_2tg_32x256.co
// Size: 27928 bytes
static const unsigned char aiter_fmoe_co_data[27928] = {
    0x7f, 0x45, 0x4c, 0x46, 0x02, 0x01, 0x01, 0x40, 0x04, 0x00, 0x00, 0x00, 0x00, 0x00, 0x00, 0x00,
    0x03, 0x00, 0xe0, 0x00, 0x01, 0x00, 0x00, 0x00, 0x00, 0x00, 0x00, 0x00, 0x00, 0x00, 0x00, 0x00,
    0x40, 0x00, 0x00, 0x00, 0x00, 0x00, 0x00, 0x00, 0x98, 0x69, 0x00, 0x00, 0x00, 0x00, 0x00, 0x00,
    0x4f, 0x05, 0x00, 0x00, 0x40, 0x00, 0x38, 0x00, 0x08, 0x00, 0x40, 0x00, 0x0e, 0x00, 0x0c, 0x00,
    0x06, 0x00, 0x00, 0x00, 0x04, 0x00, 0x00, 0x00, 0x40, 0x00, 0x00, 0x00, 0x00, 0x00, 0x00, 0x00,
    0x40, 0x00, 0x00, 0x00, 0x00, 0x00, 0x00, 0x00, 0x40, 0x00, 0x00, 0x00, 0x00, 0x00, 0x00, 0x00,
    0xc0, 0x01, 0x00, 0x00, 0x00, 0x00, 0x00, 0x00, 0xc0, 0x01, 0x00, 0x00, 0x00, 0x00, 0x00, 0x00,
    0x08, 0x00, 0x00, 0x00, 0x00, 0x00, 0x00, 0x00, 0x01, 0x00, 0x00, 0x00, 0x04, 0x00, 0x00, 0x00,
    0x00, 0x00, 0x00, 0x00, 0x00, 0x00, 0x00, 0x00, 0x00, 0x00, 0x00, 0x00, 0x00, 0x00, 0x00, 0x00,
    0x00, 0x00, 0x00, 0x00, 0x00, 0x00, 0x00, 0x00, 0x40, 0x1d, 0x00, 0x00, 0x00, 0x00, 0x00, 0x00,
    0x40, 0x1d, 0x00, 0x00, 0x00, 0x00, 0x00, 0x00, 0x00, 0x10, 0x00, 0x00, 0x00, 0x00, 0x00, 0x00,
    0x01, 0x00, 0x00, 0x00, 0x05, 0x00, 0x00, 0x00, 0x00, 0x1e, 0x00, 0x00, 0x00, 0x00, 0x00, 0x00,
    0x00, 0x2e, 0x00, 0x00, 0x00, 0x00, 0x00, 0x00, 0x00, 0x2e, 0x00, 0x00, 0x00, 0x00, 0x00, 0x00,
    0x48, 0x47, 0x00, 0x00, 0x00, 0x00, 0x00, 0x00, 0x48, 0x47, 0x00, 0x00, 0x00, 0x00, 0x00, 0x00,
    0x00, 0x10, 0x00, 0x00, 0x00, 0x00, 0x00, 0x00, 0x01, 0x00, 0x00, 0x00, 0x06, 0x00, 0x00, 0x00,
    0x48, 0x65, 0x00, 0x00, 0x00, 0x00, 0x00, 0x00, 0x48, 0x85, 0x00, 0x00, 0x00, 0x00, 0x00, 0x00,
    0x48, 0x85, 0x00, 0x00, 0x00, 0x00, 0x00, 0x00, 0x70, 0x00, 0x00, 0x00, 0x00, 0x00, 0x00, 0x00,
    0xb8, 0x0a, 0x00, 0x00, 0x00, 0x00, 0x00, 0x00, 0x00, 0x10, 0x00, 0x00, 0x00, 0x00, 0x00, 0x00,
    0x02, 0x00, 0x00, 0x00, 0x06, 0x00, 0x00, 0x00, 0x48, 0x65, 0x00, 0x00, 0x00, 0x00, 0x00, 0x00,
    0x48, 0x85, 0x00, 0x00, 0x00, 0x00, 0x00, 0x00, 0x48, 0x85, 0x00, 0x00, 0x00, 0x00, 0x00, 0x00,
    0x70, 0x00, 0x00, 0x00, 0x00, 0x00, 0x00, 0x00, 0x70, 0x00, 0x00, 0x00, 0x00, 0x00, 0x00, 0x00,
    0x08, 0x00, 0x00, 0x00, 0x00, 0x00, 0x00, 0x00, 0x52, 0xe5, 0x74, 0x64, 0x04, 0x00, 0x00, 0x00,
    0x48, 0x65, 0x00, 0x00, 0x00, 0x00, 0x00, 0x00, 0x48, 0x85, 0x00, 0x00, 0x00, 0x00, 0x00, 0x00,
    0x48, 0x85, 0x00, 0x00, 0x00, 0x00, 0x00, 0x00, 0x70, 0x00, 0x00, 0x00, 0x00, 0x00, 0x00, 0x00,
    0xb8, 0x0a, 0x00, 0x00, 0x00, 0x00, 0x00, 0x00, 0x01, 0x00, 0x00, 0x00, 0x00, 0x00, 0x00, 0x00,
    0x51, 0xe5, 0x74, 0x64, 0x06, 0x00, 0x00, 0x00, 0x00, 0x00, 0x00, 0x00, 0x00, 0x00, 0x00, 0x00,
    0x00, 0x00, 0x00, 0x00, 0x00, 0x00, 0x00, 0x00, 0x00, 0x00, 0x00, 0x00, 0x00, 0x00, 0x00, 0x00,
    0x00, 0x00, 0x00, 0x00, 0x00, 0x00, 0x00, 0x00, 0x00, 0x00, 0x00, 0x00, 0x00, 0x00, 0x00, 0x00,
    0x00, 0x00, 0x00, 0x00, 0x00, 0x00, 0x00, 0x00, 0x04, 0x00, 0x00, 0x00, 0x04, 0x00, 0x00, 0x00,
    0x00, 0x02, 0x00, 0x00, 0x00, 0x00, 0x00, 0x00, 0x00, 0x02, 0x00, 0x00, 0x00, 0x00, 0x00, 0x00,
    0x00, 0x02, 0x00, 0x00, 0x00, 0x00, 0x00, 0x00, 0xdc, 0x19, 0x00, 0x00, 0x00, 0x00, 0x00, 0x00,
    0xdc, 0x19, 0x00, 0x00, 0x00, 0x00, 0x00, 0x00, 0x04, 0x00, 0x00, 0x00, 0x00, 0x00, 0x00, 0x00,
    0x07, 0x00, 0x00, 0x00, 0xc5, 0x19, 0x00, 0x00, 0x20, 0x00, 0x00, 0x00, 0x41, 0x4d, 0x44, 0x47,
    0x50, 0x55, 0x00, 0x00, 0x82, 0xae, 0x61, 0x6d, 0x64, 0x68, 0x73, 0x61, 0x2e, 0x6b, 0x65, 0x72,
    0x6e, 0x65, 0x6c, 0x73, 0x91, 0x8c, 0xa5, 0x2e, 0x61, 0x72, 0x67, 0x73, 0xdc, 0x00, 0x58, 0x86,
    0xae, 0x2e, 0x61, 0x63, 0x74, 0x75, 0x61, 0x6c, 0x5f, 0x61, 0x63, 0x63, 0x65, 0x73, 0x73, 0xaa,
    0x72, 0x65, 0x61, 0x64, 0x5f, 0x77, 0x72, 0x69, 0x74, 0x65, 0xae, 0x2e, 0x61, 0x64, 0x64, 0x72,
    0x65, 0x73, 0x73, 0x5f, 0x73, 0x70, 0x61, 0x63, 0x65, 0xa6, 0x67, 0x6c, 0x6f, 0x62, 0x61, 0x6c,
    0xa5, 0x2e, 0x6e, 0x61, 0x6d, 0x65, 0xa1, 0x4f, 0xa7, 0x2e, 0x6f, 0x66, 0x66, 0x73, 0x65, 0x74,
    0x00, 0xa5, 0x2e, 0x73, 0x69, 0x7a, 0x65, 0x08, 0xab, 0x2e, 0x76, 0x61, 0x6c, 0x75, 0x65, 0x5f,
    0x6b, 0x69, 0x6e, 0x64, 0xad, 0x67, 0x6c, 0x6f, 0x62, 0x61, 0x6c, 0x5f, 0x62, 0x75, 0x66, 0x66,
    0x65, 0x72, 0x85, 0xa5, 0x2e, 0x6e, 0x61, 0x6d, 0x65, 0xa3, 0x70, 0x61, 0x64, 0xa7, 0x2e, 0x6f,
    0x66, 0x66, 0x73, 0x65, 0x74, 0x08, 0xa5, 0x2e, 0x73, 0x69, 0x7a, 0x65, 0x08, 0xab, 0x2e, 0x76,
    0x61, 0x6c, 0x75, 0x65, 0x5f, 0x6b, 0x69, 0x6e, 0x64, 0xa8, 0x62, 0x79, 0x5f, 0x76, 0x61, 0x6c,
    0x75, 0x65, 0xab, 0x2e, 0x76, 0x61, 0x6c, 0x75, 0x65, 0x5f, 0x74, 0x79, 0x70, 0x65, 0xa3, 0x69,
    0x33, 0x32, 0x86, 0xae, 0x2e, 0x61, 0x63, 0x74, 0x75, 0x61, 0x6c, 0x5f, 0x61, 0x63, 0x63, 0x65,
    0x73, 0x73, 0xa9, 0x72, 0x65, 0x61, 0x64, 0x5f, 0x6f, 0x6e, 0x6c, 0x79, 0xae, 0x2e, 0x61, 0x64,
    0x64, 0x72, 0x65, 0x73, 0x73, 0x5f, 0x73, 0x70, 0x61, 0x63, 0x65, 0xa6, 0x67, 0x6c, 0x6f, 0x62,
    0x61, 0x6c, 0xa5, 0x2e, 0x6e, 0x61, 0x6d, 0x65, 0xa1, 0x58, 0xa7, 0x2e, 0x6f, 0x66, 0x66, 0x73,
    0x65, 0x74, 0x10, 0xa5, 0x2e, 0x73, 0x69, 0x7a, 0x65, 0x08, 0xab, 0x2e, 0x76, 0x61, 0x6c, 0x75,
    0x65, 0x5f, 0x6b, 0x69, 0x6e, 0x64, 0xad, 0x67, 0x6c, 0x6f, 0x62, 0x61, 0x6c, 0x5f, 0x62, 0x75,
    0x66, 0x66, 0x65, 0x72, 0x85, 0xa5, 0x2e, 0x6e, 0x61, 0x6d, 0x65, 0xa3, 0x70, 0x61, 0x64, 0xa7,
    0x2e, 0x6f, 0x66, 0x66, 0x73, 0x65, 0x74, 0x18, 0xa5, 0x2e, 0x73, 0x69, 0x7a, 0x65, 0x08, 0xab,
    0x2e, 0x76, 0x61, 0x6c, 0x75, 0x65, 0x5f, 0x6b, 0x69, 0x6e, 0x64, 0xa8, 0x62, 0x79, 0x5f, 0x76,
    0x61, 0x6c, 0x75, 0x65, 0xab, 0x2e, 0x76, 0x61, 0x6c, 0x75, 0x65, 0x5f, 0x74, 0x79, 0x70, 0x65,
    0xa3, 0x69, 0x33, 0x32, 0x86, 0xae, 0x2e, 0x61, 0x63, 0x74, 0x75, 0x61, 0x6c, 0x5f, 0x61, 0x63,
    0x63, 0x65, 0x73, 0x73, 0xa9, 0x72, 0x65, 0x61, 0x64, 0x5f, 0x6f, 0x6e, 0x6c, 0x79, 0xae, 0x2e,
    0x61, 0x64, 0x64, 0x72, 0x65, 0x73, 0x73, 0x5f, 0x73, 0x70, 0x61, 0x63, 0x65, 0xa6, 0x67, 0x6c,
    0x6f, 0x62, 0x61, 0x6c, 0xa5, 0x2e, 0x6e, 0x61, 0x6d, 0x65, 0xa1, 0x47, 0xa7, 0x2e, 0x6f, 0x66,
    0x66, 0x73, 0x65, 0x74, 0x20, 0xa5, 0x2e, 0x73, 0x69, 0x7a, 0x65, 0x08, 0xab, 0x2e, 0x76, 0x61,
    0x6c, 0x75, 0x65, 0x5f, 0x6b, 0x69, 0x6e, 0x64, 0xad, 0x67, 0x6c, 0x6f, 0x62, 0x61, 0x6c, 0x5f,
    0x62, 0x75, 0x66, 0x66, 0x65, 0x72, 0x85, 0xa5, 0x2e, 0x6e, 0x61, 0x6d, 0x65, 0xa3, 0x70, 0x61,
    0x64, 0xa7, 0x2e, 0x6f, 0x66, 0x66, 0x73, 0x65, 0x74, 0x28, 0xa5, 0x2e, 0x73, 0x69, 0x7a, 0x65,
    0x08, 0xab, 0x2e, 0x76, 0x61, 0x6c, 0x75, 0x65, 0x5f, 0x6b, 0x69, 0x6e, 0x64, 0xa8, 0x62, 0x79,
    0x5f, 0x76, 0x61, 0x6c, 0x75, 0x65, 0xab, 0x2e, 0x76, 0x61, 0x6c, 0x75, 0x65, 0x5f, 0x74, 0x79,
    0x70, 0x65, 0xa3, 0x69, 0x33, 0x32, 0x86, 0xae, 0x2e, 0x61, 0x63, 0x74, 0x75, 0x61, 0x6c, 0x5f,
    0x61, 0x63, 0x63, 0x65, 0x73, 0x73, 0xa9, 0x72, 0x65, 0x61, 0x64, 0x5f, 0x6f, 0x6e, 0x6c, 0x79,
    0xae, 0x2e, 0x61, 0x64, 0x64, 0x72, 0x65, 0x73, 0x73, 0x5f, 0x73, 0x70, 0x61, 0x63, 0x65, 0xa6,
    0x67, 0x6c, 0x6f, 0x62, 0x61, 0x6c, 0xa5, 0x2e, 0x6e, 0x61, 0x6d, 0x65, 0xa1, 0x55, 0xa7, 0x2e,
    0x6f, 0x66, 0x66, 0x73, 0x65, 0x74, 0x30, 0xa5, 0x2e, 0x73, 0x69, 0x7a, 0x65, 0x08, 0xab, 0x2e,
    0x76, 0x61, 0x6c, 0x75, 0x65, 0x5f, 0x6b, 0x69, 0x6e, 0x64, 0xad, 0x67, 0x6c, 0x6f, 0x62, 0x61,
    0x6c, 0x5f, 0x62, 0x75, 0x66, 0x66, 0x65, 0x72, 0x85, 0xa5, 0x2e, 0x6e, 0x61, 0x6d, 0x65, 0xa3,
    0x70, 0x61, 0x64, 0xa7, 0x2e, 0x6f, 0x66, 0x66, 0x73, 0x65, 0x74, 0x38, 0xa5, 0x2e, 0x73, 0x69,
    0x7a, 0x65, 0x08, 0xab, 0x2e, 0x76, 0x61, 0x6c, 0x75, 0x65, 0x5f, 0x6b, 0x69, 0x6e, 0x64, 0xa8,
    0x62, 0x79, 0x5f, 0x76, 0x61, 0x6c, 0x75, 0x65, 0xab, 0x2e, 0x76, 0x61, 0x6c, 0x75, 0x65, 0x5f,
    0x74, 0x79, 0x70, 0x65, 0xa3, 0x69, 0x33, 0x32, 0x86, 0xae, 0x2e, 0x61, 0x63, 0x74, 0x75, 0x61,
    0x6c, 0x5f, 0x61, 0x63, 0x63, 0x65, 0x73, 0x73, 0xa9, 0x72, 0x65, 0x61, 0x64, 0x5f, 0x6f, 0x6e,
    0x6c, 0x79, 0xae, 0x2e, 0x61, 0x64, 0x64, 0x72, 0x65, 0x73, 0x73, 0x5f, 0x73, 0x70, 0x61, 0x63,
    0x65, 0xa6, 0x67, 0x6c, 0x6f, 0x62, 0x61, 0x6c, 0xa5, 0x2e, 0x6e, 0x61, 0x6d, 0x65, 0xa1, 0x44,
    0xa7, 0x2e, 0x6f, 0x66, 0x66, 0x73, 0x65, 0x74, 0x40, 0xa5, 0x2e, 0x73, 0x69, 0x7a, 0x65, 0x08,
    0xab, 0x2e, 0x76, 0x61, 0x6c, 0x75, 0x65, 0x5f, 0x6b, 0x69, 0x6e, 0x64, 0xad, 0x67, 0x6c, 0x6f,
    0x62, 0x61, 0x6c, 0x5f, 0x62, 0x75, 0x66, 0x66, 0x65, 0x72, 0x85, 0xa5, 0x2e, 0x6e, 0x61, 0x6d,
    0x65, 0xa3, 0x70, 0x61, 0x64, 0xa7, 0x2e, 0x6f, 0x66, 0x66, 0x73, 0x65, 0x74, 0x48, 0xa5, 0x2e,
    0x73, 0x69, 0x7a, 0x65, 0x08, 0xab, 0x2e, 0x76, 0x61, 0x6c, 0x75, 0x65, 0x5f, 0x6b, 0x69, 0x6e,
    0x64, 0xa8, 0x62, 0x79, 0x5f, 0x76, 0x61, 0x6c, 0x75, 0x65, 0xab, 0x2e, 0x76, 0x61, 0x6c, 0x75,
    0x65, 0x5f, 0x74, 0x79, 0x70, 0x65, 0xa3, 0x69, 0x33, 0x32, 0x86, 0xae, 0x2e, 0x61, 0x63, 0x74,
    0x75, 0x61, 0x6c, 0x5f, 0x61, 0x63, 0x63, 0x65, 0x73, 0x73, 0xa9, 0x72, 0x65, 0x61, 0x64, 0x5f,
    0x6f, 0x6e, 0x6c, 0x79, 0xae, 0x2e, 0x61, 0x64, 0x64, 0x72, 0x65, 0x73, 0x73, 0x5f, 0x73, 0x70,
    0x61, 0x63, 0x65, 0xa6, 0x67, 0x6c, 0x6f, 0x62, 0x61, 0x6c, 0xa5, 0x2e, 0x6e, 0x61, 0x6d, 0x65,
    0xa2, 0x58, 0x51, 0xa7, 0x2e, 0x6f, 0x66, 0x66, 0x73, 0x65, 0x74, 0x50, 0xa5, 0x2e, 0x73, 0x69,
    0x7a, 0x65, 0x08, 0xab, 0x2e, 0x76, 0x61, 0x6c, 0x75, 0x65, 0x5f, 0x6b, 0x69, 0x6e, 0x64, 0xad,
    0x67, 0x6c, 0x6f, 0x62, 0x61, 0x6c, 0x5f, 0x62, 0x75, 0x66, 0x66, 0x65, 0x72, 0x85, 0xa5, 0x2e,
    0x6e, 0x61, 0x6d, 0x65, 0xa3, 0x70, 0x61, 0x64, 0xa7, 0x2e, 0x6f, 0x66, 0x66, 0x73, 0x65, 0x74,
    0x58, 0xa5, 0x2e, 0x73, 0x69, 0x7a, 0x65, 0x08, 0xab, 0x2e, 0x76, 0x61, 0x6c, 0x75, 0x65, 0x5f,
    0x6b, 0x69, 0x6e, 0x64, 0xa8, 0x62, 0x79, 0x5f, 0x76, 0x61, 0x6c, 0x75, 0x65, 0xab, 0x2e, 0x76,
    0x61, 0x6c, 0x75, 0x65, 0x5f, 0x74, 0x79, 0x70, 0x65, 0xa3, 0x69, 0x33, 0x32, 0x86, 0xae, 0x2e,
    0x61, 0x63, 0x74, 0x75, 0x61, 0x6c, 0x5f, 0x61, 0x63, 0x63, 0x65, 0x73, 0x73, 0xa9, 0x72, 0x65,
    0x61, 0x64, 0x5f, 0x6f, 0x6e, 0x6c, 0x79, 0xae, 0x2e, 0x61, 0x64, 0x64, 0x72, 0x65, 0x73, 0x73,
    0x5f, 0x73, 0x70, 0x61, 0x63, 0x65, 0xa6, 0x67, 0x6c, 0x6f, 0x62, 0x61, 0x6c, 0xa5, 0x2e, 0x6e,
    0x61, 0x6d, 0x65, 0xa2, 0x47, 0x51, 0xa7, 0x2e, 0x6f, 0x66, 0x66, 0x73, 0x65, 0x74, 0x60, 0xa5,
    0x2e, 0x73, 0x69, 0x7a, 0x65, 0x08, 0xab, 0x2e, 0x76, 0x61, 0x6c, 0x75, 0x65, 0x5f, 0x6b, 0x69,
    0x6e, 0x64, 0xad, 0x67, 0x6c, 0x6f, 0x62, 0x61, 0x6c, 0x5f, 0x62, 0x75, 0x66, 0x66, 0x65, 0x72,
    0x85, 0xa5, 0x2e, 0x6e, 0x61, 0x6d, 0x65, 0xa3, 0x70, 0x61, 0x64, 0xa7, 0x2e, 0x6f, 0x66, 0x66,
    0x73, 0x65, 0x74, 0x68, 0xa5, 0x2e, 0x73, 0x69, 0x7a, 0x65, 0x08, 0xab, 0x2e, 0x76, 0x61, 0x6c,
    0x75, 0x65, 0x5f, 0x6b, 0x69, 0x6e, 0x64, 0xa8, 0x62, 0x79, 0x5f, 0x76, 0x61, 0x6c, 0x75, 0x65,
    0xab, 0x2e, 0x76, 0x61, 0x6c, 0x75, 0x65, 0x5f, 0x74, 0x79, 0x70, 0x65, 0xa3, 0x69, 0x33, 0x32,
    0x86, 0xae, 0x2e, 0x61, 0x63, 0x74, 0x75, 0x61, 0x6c, 0x5f, 0x61, 0x63, 0x63, 0x65, 0x73, 0x73,
    0xa9, 0x72, 0x65, 0x61, 0x64, 0x5f, 0x6f, 0x6e, 0x6c, 0x79, 0xae, 0x2e, 0x61, 0x64, 0x64, 0x72,
    0x65, 0x73, 0x73, 0x5f, 0x73, 0x70, 0x61, 0x63, 0x65, 0xa6, 0x67, 0x6c, 0x6f, 0x62, 0x61, 0x6c,
    0xa5, 0x2e, 0x6e, 0x61, 0x6d, 0x65, 0xa2, 0x44, 0x51, 0xa7, 0x2e, 0x6f, 0x66, 0x66, 0x73, 0x65,
    0x74, 0x70, 0xa5, 0x2e, 0x73, 0x69, 0x7a, 0x65, 0x08, 0xab, 0x2e, 0x76, 0x61, 0x6c, 0x75, 0x65,
    0x5f, 0x6b, 0x69, 0x6e, 0x64, 0xad, 0x67, 0x6c, 0x6f, 0x62, 0x61, 0x6c, 0x5f, 0x62, 0x75, 0x66,
    0x66, 0x65, 0x72, 0x85, 0xa5, 0x2e, 0x6e, 0x61, 0x6d, 0x65, 0xa3, 0x70, 0x61, 0x64, 0xa7, 0x2e,
    0x6f, 0x66, 0x66, 0x73, 0x65, 0x74, 0x78, 0xa5, 0x2e, 0x73, 0x69, 0x7a, 0x65, 0x08, 0xab, 0x2e,
    0x76, 0x61, 0x6c, 0x75, 0x65, 0x5f, 0x6b, 0x69, 0x6e, 0x64, 0xa8, 0x62, 0x79, 0x5f, 0x76, 0x61,
    0x6c, 0x75, 0x65, 0xab, 0x2e, 0x76, 0x61, 0x6c, 0x75, 0x65, 0x5f, 0x74, 0x79, 0x70, 0x65, 0xa3,
    0x69, 0x33, 0x32, 0x86, 0xae, 0x2e, 0x61, 0x63, 0x74, 0x75, 0x61, 0x6c, 0x5f, 0x61, 0x63, 0x63,
    0x65, 0x73, 0x73, 0xa9, 0x72, 0x65, 0x61, 0x64, 0x5f, 0x6f, 0x6e, 0x6c, 0x79, 0xae, 0x2e, 0x61,
    0x64, 0x64, 0x72, 0x65, 0x73, 0x73, 0x5f, 0x73, 0x70, 0x61, 0x63, 0x65, 0xa6, 0x67, 0x6c, 0x6f,
    0x62, 0x61, 0x6c, 0xa5, 0x2e, 0x6e, 0x61, 0x6d, 0x65, 0xa3, 0x53, 0x4d, 0x51, 0xa7, 0x2e, 0x6f,
    0x66, 0x66, 0x73, 0x65, 0x74, 0xcc, 0x80, 0xa5, 0x2e, 0x73, 0x69, 0x7a, 0x65, 0x08, 0xab, 0x2e,
    0x76, 0x61, 0x6c, 0x75, 0x65, 0x5f, 0x6b, 0x69, 0x6e, 0x64, 0xad, 0x67, 0x6c, 0x6f, 0x62, 0x61,
    0x6c, 0x5f, 0x62, 0x75, 0x66, 0x66, 0x65, 0x72, 0x85, 0xa5, 0x2e, 0x6e, 0x61, 0x6d, 0x65, 0xa3,
    0x70, 0x61, 0x64, 0xa7, 0x2e, 0x6f, 0x66, 0x66, 0x73, 0x65, 0x74, 0xcc, 0x88, 0xa5, 0x2e, 0x73,
    0x69, 0x7a, 0x65, 0x08, 0xab, 0x2e, 0x76, 0x61, 0x6c, 0x75, 0x65, 0x5f, 0x6b, 0x69, 0x6e, 0x64,
    0xa8, 0x62, 0x79, 0x5f, 0x76, 0x61, 0x6c, 0x75, 0x65, 0xab, 0x2e, 0x76, 0x61, 0x6c, 0x75, 0x65,
    0x5f, 0x74, 0x79, 0x70, 0x65, 0xa3, 0x69, 0x33, 0x32, 0x86, 0xae, 0x2e, 0x61, 0x63, 0x74, 0x75,
    0x61, 0x6c, 0x5f, 0x61, 0x63, 0x63, 0x65, 0x73, 0x73, 0xa9, 0x72, 0x65, 0x61, 0x64, 0x5f, 0x6f,
    0x6e, 0x6c, 0x79, 0xae, 0x2e, 0x61, 0x64, 0x64, 0x72, 0x65, 0x73, 0x73, 0x5f, 0x73, 0x70, 0x61,
    0x63, 0x65, 0xa6, 0x67, 0x6c, 0x6f, 0x62, 0x61, 0x6c, 0xa5, 0x2e, 0x6e, 0x61, 0x6d, 0x65, 0xa3,
    0x53, 0x54, 0x50, 0xa7, 0x2e, 0x6f, 0x66, 0x66, 0x73, 0x65, 0x74, 0xcc, 0x90, 0xa5, 0x2e, 0x73,
    0x69, 0x7a, 0x65, 0x08, 0xab, 0x2e, 0x76, 0x61, 0x6c, 0x75, 0x65, 0x5f, 0x6b, 0x69, 0x6e, 0x64,
    0xad, 0x67, 0x6c, 0x6f, 0x62, 0x61, 0x6c, 0x5f, 0x62, 0x75, 0x66, 0x66, 0x65, 0x72, 0x85, 0xa5,
    0x2e, 0x6e, 0x61, 0x6d, 0x65, 0xa3, 0x70, 0x61, 0x64, 0xa7, 0x2e, 0x6f, 0x66, 0x66, 0x73, 0x65,
    0x74, 0xcc, 0x98, 0xa5, 0x2e, 0x73, 0x69, 0x7a, 0x65, 0x08, 0xab, 0x2e, 0x76, 0x61, 0x6c, 0x75,
    0x65, 0x5f, 0x6b, 0x69, 0x6e, 0x64, 0xa8, 0x62, 0x79, 0x5f, 0x76, 0x61, 0x6c, 0x75, 0x65, 0xab,
    0x2e, 0x76, 0x61, 0x6c, 0x75, 0x65, 0x5f, 0x74, 0x79, 0x70, 0x65, 0xa3, 0x69, 0x33, 0x32, 0x86,
    0xae, 0x2e, 0x61, 0x63, 0x74, 0x75, 0x61, 0x6c, 0x5f, 0x61, 0x63, 0x63, 0x65, 0x73, 0x73, 0xa9,
    0x72, 0x65, 0x61, 0x64, 0x5f, 0x6f, 0x6e, 0x6c, 0x79, 0xae, 0x2e, 0x61, 0x64, 0x64, 0x72, 0x65,
    0x73, 0x73, 0x5f, 0x73, 0x70, 0x61, 0x63, 0x65, 0xa6, 0x67, 0x6c, 0x6f, 0x62, 0x61, 0x6c, 0xa5,
    0x2e, 0x6e, 0x61, 0x6d, 0x65, 0xa2, 0x53, 0x57, 0xa7, 0x2e, 0x6f, 0x66, 0x66, 0x73, 0x65, 0x74,
    0xcc, 0xa0, 0xa5, 0x2e, 0x73, 0x69, 0x7a, 0x65, 0x08, 0xab, 0x2e, 0x76, 0x61, 0x6c, 0x75, 0x65,
    0x5f, 0x6b, 0x69, 0x6e, 0x64, 0xad, 0x67, 0x6c, 0x6f, 0x62, 0x61, 0x6c, 0x5f, 0x62, 0x75, 0x66,
    0x66, 0x65, 0x72, 0x85, 0xa5, 0x2e, 0x6e, 0x61, 0x6d, 0x65, 0xa3, 0x70, 0x61, 0x64, 0xa7, 0x2e,
    0x6f, 0x66, 0x66, 0x73, 0x65, 0x74, 0xcc, 0xa8, 0xa5, 0x2e, 0x73, 0x69, 0x7a, 0x65, 0x08, 0xab,
    0x2e, 0x76, 0x61, 0x6c, 0x75, 0x65, 0x5f, 0x6b, 0x69, 0x6e, 0x64, 0xa8, 0x62, 0x79, 0x5f, 0x76,
    0x61, 0x6c, 0x75, 0x65, 0xab, 0x2e, 0x76, 0x61, 0x6c, 0x75, 0x65, 0x5f, 0x74, 0x79, 0x70, 0x65,
    0xa3, 0x69, 0x33, 0x32, 0x86, 0xae, 0x2e, 0x61, 0x63, 0x74, 0x75, 0x61, 0x6c, 0x5f, 0x61, 0x63,
    0x63, 0x65, 0x73, 0x73, 0xa9, 0x72, 0x65, 0x61, 0x64, 0x5f, 0x6f, 0x6e, 0x6c, 0x79, 0xae, 0x2e,
    0x61, 0x64, 0x64, 0x72, 0x65, 0x73, 0x73, 0x5f, 0x73, 0x70, 0x61, 0x63, 0x65, 0xa6, 0x67, 0x6c,
    0x6f, 0x62, 0x61, 0x6c, 0xa5, 0x2e, 0x6e, 0x61, 0x6d, 0x65, 0xa3, 0x53, 0x45, 0x50, 0xa7, 0x2e,
    0x6f, 0x66, 0x66, 0x73, 0x65, 0x74, 0xcc, 0xb0, 0xa5, 0x2e, 0x73, 0x69, 0x7a, 0x65, 0x08, 0xab,
    0x2e, 0x76, 0x61, 0x6c, 0x75, 0x65, 0x5f, 0x6b, 0x69, 0x6e, 0x64, 0xad, 0x67, 0x6c, 0x6f, 0x62,
    0x61, 0x6c, 0x5f, 0x62, 0x75, 0x66, 0x66, 0x65, 0x72, 0x85, 0xa5, 0x2e, 0x6e, 0x61, 0x6d, 0x65,
    0xa3, 0x70, 0x61, 0x64, 0xa7, 0x2e, 0x6f, 0x66, 0x66, 0x73, 0x65, 0x74, 0xcc, 0xb8, 0xa5, 0x2e,
    0x73, 0x69, 0x7a, 0x65, 0x08, 0xab, 0x2e, 0x76, 0x61, 0x6c, 0x75, 0x65, 0x5f, 0x6b, 0x69, 0x6e,
    0x64, 0xa8, 0x62, 0x79, 0x5f, 0x76, 0x61, 0x6c, 0x75, 0x65, 0xab, 0x2e, 0x76, 0x61, 0x6c, 0x75,
    0x65, 0x5f, 0x74, 0x79, 0x70, 0x65, 0xa3, 0x69, 0x33, 0x32, 0x85, 0xa5, 0x2e, 0x6e, 0x61, 0x6d,
    0x65, 0xa3, 0x64, 0x69, 0x6d, 0xa7, 0x2e, 0x6f, 0x66, 0x66, 0x73, 0x65, 0x74, 0xcc, 0xc0, 0xa5,
    0x2e, 0x73, 0x69, 0x7a, 0x65, 0x04, 0xab, 0x2e, 0x76, 0x61, 0x6c, 0x75, 0x65, 0x5f, 0x6b, 0x69,
    0x6e, 0x64, 0xa8, 0x62, 0x79, 0x5f, 0x76, 0x61, 0x6c, 0x75, 0x65, 0xab, 0x2e, 0x76, 0x61, 0x6c,
    0x75, 0x65, 0x5f, 0x74, 0x79, 0x70, 0x65, 0xa3, 0x69, 0x33, 0x32, 0x85, 0xa5, 0x2e, 0x6e, 0x61,
    0x6d, 0x65, 0xa3, 0x70, 0x61, 0x64, 0xa7, 0x2e, 0x6f, 0x66, 0x66, 0x73, 0x65, 0x74, 0xcc, 0xc4,
    0xa5, 0x2e, 0x73, 0x69, 0x7a, 0x65, 0x04, 0xab, 0x2e, 0x76, 0x61, 0x6c, 0x75, 0x65, 0x5f, 0x6b,
    0x69, 0x6e, 0x64, 0xa8, 0x62, 0x79, 0x5f, 0x76, 0x61, 0x6c, 0x75, 0x65, 0xab, 0x2e, 0x76, 0x61,
    0x6c, 0x75, 0x65, 0x5f, 0x74, 0x79, 0x70, 0x65, 0xa3, 0x69, 0x33, 0x32, 0x85, 0xa5, 0x2e, 0x6e,
    0x61, 0x6d, 0x65, 0xa3, 0x70, 0x61, 0x64, 0xa7, 0x2e, 0x6f, 0x66, 0x66, 0x73, 0x65, 0x74, 0xcc,
    0xc8, 0xa5, 0x2e, 0x73, 0x69, 0x7a, 0x65, 0x04, 0xab, 0x2e, 0x76, 0x61, 0x6c, 0x75, 0x65, 0x5f,
    0x6b, 0x69, 0x6e, 0x64, 0xa8, 0x62, 0x79, 0x5f, 0x76, 0x61, 0x6c, 0x75, 0x65, 0xab, 0x2e, 0x76,
    0x61, 0x6c, 0x75, 0x65, 0x5f, 0x74, 0x79, 0x70, 0x65, 0xa3, 0x69, 0x33, 0x32, 0x85, 0xa5, 0x2e,
    0x6e, 0x61, 0x6d, 0x65, 0xa3, 0x70, 0x61, 0x64, 0xa7, 0x2e, 0x6f, 0x66, 0x66, 0x73, 0x65, 0x74,
    0xcc, 0xcc, 0xa5, 0x2e, 0x73, 0x69, 0x7a, 0x65, 0x04, 0xab, 0x2e, 0x76, 0x61, 0x6c, 0x75, 0x65,
    0x5f, 0x6b, 0x69, 0x6e, 0x64, 0xa8, 0x62, 0x79, 0x5f, 0x76, 0x61, 0x6c, 0x75, 0x65, 0xab, 0x2e,
    0x76, 0x61, 0x6c, 0x75, 0x65, 0x5f, 0x74, 0x79, 0x70, 0x65, 0xa3, 0x69, 0x33, 0x32, 0x85, 0xa5,
    0x2e, 0x6e, 0x61, 0x6d, 0x65, 0xa4, 0x68, 0x64, 0x69, 0x6d, 0xa7, 0x2e, 0x6f, 0x66, 0x66, 0x73,
    0x65, 0x74, 0xcc, 0xd0, 0xa5, 0x2e, 0x73, 0x69, 0x7a, 0x65, 0x04, 0xab, 0x2e, 0x76, 0x61, 0x6c,
    0x75, 0x65, 0x5f, 0x6b, 0x69, 0x6e, 0x64, 0xa8, 0x62, 0x79, 0x5f, 0x76, 0x61, 0x6c, 0x75, 0x65,
    0xab, 0x2e, 0x76, 0x61, 0x6c, 0x75, 0x65, 0x5f, 0x74, 0x79, 0x70, 0x65, 0xa3, 0x69, 0x33, 0x32,
    0x85, 0xa5, 0x2e, 0x6e, 0x61, 0x6d, 0x65, 0xa3, 0x70, 0x61, 0x64, 0xa7, 0x2e, 0x6f, 0x66, 0x66,
    0x73, 0x65, 0x74, 0xcc, 0xd4, 0xa5, 0x2e, 0x73, 0x69, 0x7a, 0x65, 0x04, 0xab, 0x2e, 0x76, 0x61,
    0x6c, 0x75, 0x65, 0x5f, 0x6b, 0x69, 0x6e, 0x64, 0xa8, 0x62, 0x79, 0x5f, 0x76, 0x61, 0x6c, 0x75,
    0x65, 0xab, 0x2e, 0x76, 0x61, 0x6c, 0x75, 0x65, 0x5f, 0x74, 0x79, 0x70, 0x65, 0xa3, 0x69, 0x33,
    0x32, 0x85, 0xa5, 0x2e, 0x6e, 0x61, 0x6d, 0x65, 0xa3, 0x70, 0x61, 0x64, 0xa7, 0x2e, 0x6f, 0x66,
    0x66, 0x73, 0x65, 0x74, 0xcc, 0xd8, 0xa5, 0x2e, 0x73, 0x69, 0x7a, 0x65, 0x04, 0xab, 0x2e, 0x76,
    0x61, 0x6c, 0x75, 0x65, 0x5f, 0x6b, 0x69, 0x6e, 0x64, 0xa8, 0x62, 0x79, 0x5f, 0x76, 0x61, 0x6c,
    0x75, 0x65, 0xab, 0x2e, 0x76, 0x61, 0x6c, 0x75, 0x65, 0x5f, 0x74, 0x79, 0x70, 0x65, 0xa3, 0x69,
    0x33, 0x32, 0x85, 0xa5, 0x2e, 0x6e, 0x61, 0x6d, 0x65, 0xa3, 0x70, 0x61, 0x64, 0xa7, 0x2e, 0x6f,
    0x66, 0x66, 0x73, 0x65, 0x74, 0xcc, 0xdc, 0xa5, 0x2e, 0x73, 0x69, 0x7a, 0x65, 0x04, 0xab, 0x2e,
    0x76, 0x61, 0x6c, 0x75, 0x65, 0x5f, 0x6b, 0x69, 0x6e, 0x64, 0xa8, 0x62, 0x79, 0x5f, 0x76, 0x61,
    0x6c, 0x75, 0x65, 0xab, 0x2e, 0x76, 0x61, 0x6c, 0x75, 0x65, 0x5f, 0x74, 0x79, 0x70, 0x65, 0xa3,
    0x69, 0x33, 0x32, 0x85, 0xa5, 0x2e, 0x6e, 0x61, 0x6d, 0x65, 0xa5, 0x62, 0x61, 0x74, 0x63, 0x68,
    0xa7, 0x2e, 0x6f, 0x66, 0x66, 0x73, 0x65, 0x74, 0xcc, 0xe0, 0xa5, 0x2e, 0x73, 0x69, 0x7a, 0x65,
    0x04, 0xab, 0x2e, 0x76, 0x61, 0x6c, 0x75, 0x65, 0x5f, 0x6b, 0x69, 0x6e, 0x64, 0xa8, 0x62, 0x79,
    0x5f, 0x76, 0x61, 0x6c, 0x75, 0x65, 0xab, 0x2e, 0x76, 0x61, 0x6c, 0x75, 0x65, 0x5f, 0x74, 0x79,
    0x70, 0x65, 0xa3, 0x69, 0x33, 0x32, 0x85, 0xa5, 0x2e, 0x6e, 0x61, 0x6d, 0x65, 0xa3, 0x70, 0x61,
    0x64, 0xa7, 0x2e, 0x6f, 0x66, 0x66, 0x73, 0x65, 0x74, 0xcc, 0xe4, 0xa5, 0x2e, 0x73, 0x69, 0x7a,
    0x65, 0x04, 0xab, 0x2e, 0x76, 0x61, 0x6c, 0x75, 0x65, 0x5f, 0x6b, 0x69, 0x6e, 0x64, 0xa8, 0x62,
    0x79, 0x5f, 0x76, 0x61, 0x6c, 0x75, 0x65, 0xab, 0x2e, 0x76, 0x61, 0x6c, 0x75, 0x65, 0x5f, 0x74,
    0x79, 0x70, 0x65, 0xa3, 0x69, 0x33, 0x32, 0x85, 0xa5, 0x2e, 0x6e, 0x61, 0x6d, 0x65, 0xa3, 0x70,
    0x61, 0x64, 0xa7, 0x2e, 0x6f, 0x66, 0x66, 0x73, 0x65, 0x74, 0xcc, 0xe8, 0xa5, 0x2e, 0x73, 0x69,
    0x7a, 0x65, 0x04, 0xab, 0x2e, 0x76, 0x61, 0x6c, 0x75, 0x65, 0x5f, 0x6b, 0x69, 0x6e, 0x64, 0xa8,
    0x62, 0x79, 0x5f, 0x76, 0x61, 0x6c, 0x75, 0x65, 0xab, 0x2e, 0x76, 0x61, 0x6c, 0x75, 0x65, 0x5f,
    0x74, 0x79, 0x70, 0x65, 0xa3, 0x69, 0x33, 0x32, 0x85, 0xa5, 0x2e, 0x6e, 0x61, 0x6d, 0x65, 0xa3,
    0x70, 0x61, 0x64, 0xa7, 0x2e, 0x6f, 0x66, 0x66, 0x73, 0x65, 0x74, 0xcc, 0xec, 0xa5, 0x2e, 0x73,
    0x69, 0x7a, 0x65, 0x04, 0xab, 0x2e, 0x76, 0x61, 0x6c, 0x75, 0x65, 0x5f, 0x6b, 0x69, 0x6e, 0x64,
    0xa8, 0x62, 0x79, 0x5f, 0x76, 0x61, 0x6c, 0x75, 0x65, 0xab, 0x2e, 0x76, 0x61, 0x6c, 0x75, 0x65,
    0x5f, 0x74, 0x79, 0x70, 0x65, 0xa3, 0x69, 0x33, 0x32, 0x85, 0xa5, 0x2e, 0x6e, 0x61, 0x6d, 0x65,
    0xa4, 0x65, 0x70, 0x72, 0x74, 0xa7, 0x2e, 0x6f, 0x66, 0x66, 0x73, 0x65, 0x74, 0xcc, 0xf0, 0xa5,
    0x2e, 0x73, 0x69, 0x7a, 0x65, 0x04, 0xab, 0x2e, 0x76, 0x61, 0x6c, 0x75, 0x65, 0x5f, 0x6b, 0x69,
    0x6e, 0x64, 0xa8, 0x62, 0x79, 0x5f, 0x76, 0x61, 0x6c, 0x75, 0x65, 0xab, 0x2e, 0x76, 0x61, 0x6c,
    0x75, 0x65, 0x5f, 0x74, 0x79, 0x70, 0x65, 0xa3, 0x69, 0x33, 0x32, 0x85, 0xa5, 0x2e, 0x6e, 0x61,
    0x6d, 0x65, 0xa3, 0x70, 0x61, 0x64, 0xa7, 0x2e, 0x6f, 0x66, 0x66, 0x73, 0x65, 0x74, 0xcc, 0xf4,
    0xa5, 0x2e, 0x73, 0x69, 0x7a, 0x65, 0x04, 0xab, 0x2e, 0x76, 0x61, 0x6c, 0x75, 0x65, 0x5f, 0x6b,
    0x69, 0x6e, 0x64, 0xa8, 0x62, 0x79, 0x5f, 0x76, 0x61, 0x6c, 0x75, 0x65, 0xab, 0x2e, 0x76, 0x61,
    0x6c, 0x75, 0x65, 0x5f, 0x74, 0x79, 0x70, 0x65, 0xa3, 0x69, 0x33, 0x32, 0x85, 0xa5, 0x2e, 0x6e,
    0x61, 0x6d, 0x65, 0xa3, 0x70, 0x61, 0x64, 0xa7, 0x2e, 0x6f, 0x66, 0x66, 0x73, 0x65, 0x74, 0xcc,
    0xf8, 0xa5, 0x2e, 0x73, 0x69, 0x7a, 0x65, 0x04, 0xab, 0x2e, 0x76, 0x61, 0x6c, 0x75, 0x65, 0x5f,
    0x6b, 0x69, 0x6e, 0x64, 0xa8, 0x62, 0x79, 0x5f, 0x76, 0x61, 0x6c, 0x75, 0x65, 0xab, 0x2e, 0x76,
    0x61, 0x6c, 0x75, 0x65, 0x5f, 0x74, 0x79, 0x70, 0x65, 0xa3, 0x69, 0x33, 0x32, 0x85, 0xa5, 0x2e,
    0x6e, 0x61, 0x6d, 0x65, 0xa3, 0x70, 0x61, 0x64, 0xa7, 0x2e, 0x6f, 0x66, 0x66, 0x73, 0x65, 0x74,
    0xcc, 0xfc, 0xa5, 0x2e, 0x73, 0x69, 0x7a, 0x65, 0x04, 0xab, 0x2e, 0x76, 0x61, 0x6c, 0x75, 0x65,
    0x5f, 0x6b, 0x69, 0x6e, 0x64, 0xa8, 0x62, 0x79, 0x5f, 0x76, 0x61, 0x6c, 0x75, 0x65, 0xab, 0x2e,
    0x76, 0x61, 0x6c, 0x75, 0x65, 0x5f, 0x74, 0x79, 0x70, 0x65, 0xa3, 0x69, 0x33, 0x32, 0x85, 0xa5,
    0x2e, 0x6e, 0x61, 0x6d, 0x65, 0xa2, 0x58, 0x73, 0xa7, 0x2e, 0x6f, 0x66, 0x66, 0x73, 0x65, 0x74,
    0xcd, 0x01, 0x00, 0xa5, 0x2e, 0x73, 0x69, 0x7a, 0x65, 0x04, 0xab, 0x2e, 0x76, 0x61, 0x6c, 0x75,
    0x65, 0x5f, 0x6b, 0x69, 0x6e, 0x64, 0xa8, 0x62, 0x79, 0x5f, 0x76, 0x61, 0x6c, 0x75, 0x65, 0xab,
    0x2e, 0x76, 0x61, 0x6c, 0x75, 0x65, 0x5f, 0x74, 0x79, 0x70, 0x65, 0xa3, 0x69, 0x33, 0x32, 0x85,
    0xa5, 0x2e, 0x6e, 0x61, 0x6d, 0x65, 0xa3, 0x70, 0x61, 0x64, 0xa7, 0x2e, 0x6f, 0x66, 0x66, 0x73,
    0x65, 0x74, 0xcd, 0x01, 0x04, 0xa5, 0x2e, 0x73, 0x69, 0x7a, 0x65, 0x04, 0xab, 0x2e, 0x76, 0x61,
    0x6c, 0x75, 0x65, 0x5f, 0x6b, 0x69, 0x6e, 0x64, 0xa8, 0x62, 0x79, 0x5f, 0x76, 0x61, 0x6c, 0x75,
    0x65, 0xab, 0x2e, 0x76, 0x61, 0x6c, 0x75, 0x65, 0x5f, 0x74, 0x79, 0x70, 0x65, 0xa3, 0x69, 0x33,
    0x32, 0x85, 0xa5, 0x2e, 0x6e, 0x61, 0x6d, 0x65, 0xa3, 0x70, 0x61, 0x64, 0xa7, 0x2e, 0x6f, 0x66,
    0x66, 0x73, 0x65, 0x74, 0xcd, 0x01, 0x08, 0xa5, 0x2e, 0x73, 0x69, 0x7a, 0x65, 0x04, 0xab, 0x2e,
    0x76, 0x61, 0x6c, 0x75, 0x65, 0x5f, 0x6b, 0x69, 0x6e, 0x64, 0xa8, 0x62, 0x79, 0x5f, 0x76, 0x61,
    0x6c, 0x75, 0x65, 0xab, 0x2e, 0x76, 0x61, 0x6c, 0x75, 0x65, 0x5f, 0x74, 0x79, 0x70, 0x65, 0xa3,
    0x69, 0x33, 0x32, 0x85, 0xa5, 0x2e, 0x6e, 0x61, 0x6d, 0x65, 0xa3, 0x70, 0x61, 0x64, 0xa7, 0x2e,
    0x6f, 0x66, 0x66, 0x73, 0x65, 0x74, 0xcd, 0x01, 0x0c, 0xa5, 0x2e, 0x73, 0x69, 0x7a, 0x65, 0x04,
    0xab, 0x2e, 0x76, 0x61, 0x6c, 0x75, 0x65, 0x5f, 0x6b, 0x69, 0x6e, 0x64, 0xa8, 0x62, 0x79, 0x5f,
    0x76, 0x61, 0x6c, 0x75, 0x65, 0xab, 0x2e, 0x76, 0x61, 0x6c, 0x75, 0x65, 0x5f, 0x74, 0x79, 0x70,
    0x65, 0xa3, 0x69, 0x33, 0x32, 0x85, 0xa5, 0x2e, 0x6e, 0x61, 0x6d, 0x65, 0xa3, 0x47, 0x55, 0x73,
    0xa7, 0x2e, 0x6f, 0x66, 0x66, 0x73, 0x65, 0x74, 0xcd, 0x01, 0x10, 0xa5, 0x2e, 0x73, 0x69, 0x7a,
    0x65, 0x04, 0xab, 0x2e, 0x76, 0x61, 0x6c, 0x75, 0x65, 0x5f, 0x6b, 0x69, 0x6e, 0x64, 0xa8, 0x62,
    0x79, 0x5f, 0x76, 0x61, 0x6c, 0x75, 0x65, 0xab, 0x2e, 0x76, 0x61, 0x6c, 0x75, 0x65, 0x5f, 0x74,
    0x79, 0x70, 0x65, 0xa3, 0x69, 0x33, 0x32, 0x85, 0xa5, 0x2e, 0x6e, 0x61, 0x6d, 0x65, 0xa3, 0x70,
    0x61, 0x64, 0xa7, 0x2e, 0x6f, 0x66, 0x66, 0x73, 0x65, 0x74, 0xcd, 0x01, 0x14, 0xa5, 0x2e, 0x73,
    0x69, 0x7a, 0x65, 0x04, 0xab, 0x2e, 0x76, 0x61, 0x6c, 0x75, 0x65, 0x5f, 0x6b, 0x69, 0x6e, 0x64,
    0xa8, 0x62, 0x79, 0x5f, 0x76, 0x61, 0x6c, 0x75, 0x65, 0xab, 0x2e, 0x76, 0x61, 0x6c, 0x75, 0x65,
    0x5f, 0x74, 0x79, 0x70, 0x65, 0xa3, 0x69, 0x33, 0x32, 0x85, 0xa5, 0x2e, 0x6e, 0x61, 0x6d, 0x65,
    0xa3, 0x70, 0x61, 0x64, 0xa7, 0x2e, 0x6f, 0x66, 0x66, 0x73, 0x65, 0x74, 0xcd, 0x01, 0x18, 0xa5,
    0x2e, 0x73, 0x69, 0x7a, 0x65, 0x04, 0xab, 0x2e, 0x76, 0x61, 0x6c, 0x75, 0x65, 0x5f, 0x6b, 0x69,
    0x6e, 0x64, 0xa8, 0x62, 0x79, 0x5f, 0x76, 0x61, 0x6c, 0x75, 0x65, 0xab, 0x2e, 0x76, 0x61, 0x6c,
    0x75, 0x65, 0x5f, 0x74, 0x79, 0x70, 0x65, 0xa3, 0x69, 0x33, 0x32, 0x85, 0xa5, 0x2e, 0x6e, 0x61,
    0x6d, 0x65, 0xa3, 0x70, 0x61, 0x64, 0xa7, 0x2e, 0x6f, 0x66, 0x66, 0x73, 0x65, 0x74, 0xcd, 0x01,
    0x1c, 0xa5, 0x2e, 0x73, 0x69, 0x7a, 0x65, 0x04, 0xab, 0x2e, 0x76, 0x61, 0x6c, 0x75, 0x65, 0x5f,
    0x6b, 0x69, 0x6e, 0x64, 0xa8, 0x62, 0x79, 0x5f, 0x76, 0x61, 0x6c, 0x75, 0x65, 0xab, 0x2e, 0x76,
    0x61, 0x6c, 0x75, 0x65, 0x5f, 0x74, 0x79, 0x70, 0x65, 0xa3, 0x69, 0x33, 0x32, 0x85, 0xa5, 0x2e,
    0x6e, 0x61, 0x6d, 0x65, 0xa2, 0x44, 0x73, 0xa7, 0x2e, 0x6f, 0x66, 0x66, 0x73, 0x65, 0x74, 0xcd,
    0x01, 0x20, 0xa5, 0x2e, 0x73, 0x69, 0x7a, 0x65, 0x04, 0xab, 0x2e, 0x76, 0x61, 0x6c, 0x75, 0x65,
    0x5f, 0x6b, 0x69, 0x6e, 0x64, 0xa8, 0x62, 0x79, 0x5f, 0x76, 0x61, 0x6c, 0x75, 0x65, 0xab, 0x2e,
    0x76, 0x61, 0x6c, 0x75, 0x65, 0x5f, 0x74, 0x79, 0x70, 0x65, 0xa3, 0x69, 0x33, 0x32, 0x85, 0xa5,
    0x2e, 0x6e, 0x61, 0x6d, 0x65, 0xa3, 0x70, 0x61, 0x64, 0xa7, 0x2e, 0x6f, 0x66, 0x66, 0x73, 0x65,
    0x74, 0xcd, 0x01, 0x24, 0xa5, 0x2e, 0x73, 0x69, 0x7a, 0x65, 0x04, 0xab, 0x2e, 0x76, 0x61, 0x6c,
    0x75, 0x65, 0x5f, 0x6b, 0x69, 0x6e, 0x64, 0xa8, 0x62, 0x79, 0x5f, 0x76, 0x61, 0x6c, 0x75, 0x65,
    0xab, 0x2e, 0x76, 0x61, 0x6c, 0x75, 0x65, 0x5f, 0x74, 0x79, 0x70, 0x65, 0xa3, 0x69, 0x33, 0x32,
    0x85, 0xa5, 0x2e, 0x6e, 0x61, 0x6d, 0x65, 0xa3, 0x70, 0x61, 0x64, 0xa7, 0x2e, 0x6f, 0x66, 0x66,
    0x73, 0x65, 0x74, 0xcd, 0x01, 0x28, 0xa5, 0x2e, 0x73, 0x69, 0x7a, 0x65, 0x04, 0xab, 0x2e, 0x76,
    0x61, 0x6c, 0x75, 0x65, 0x5f, 0x6b, 0x69, 0x6e, 0x64, 0xa8, 0x62, 0x79, 0x5f, 0x76, 0x61, 0x6c,
    0x75, 0x65, 0xab, 0x2e, 0x76, 0x61, 0x6c, 0x75, 0x65, 0x5f, 0x74, 0x79, 0x70, 0x65, 0xa3, 0x69,
    0x33, 0x32, 0x85, 0xa5, 0x2e, 0x6e, 0x61, 0x6d, 0x65, 0xa3, 0x70, 0x61, 0x64, 0xa7, 0x2e, 0x6f,
    0x66, 0x66, 0x73, 0x65, 0x74, 0xcd, 0x01, 0x2c, 0xa5, 0x2e, 0x73, 0x69, 0x7a, 0x65, 0x04, 0xab,
    0x2e, 0x76, 0x61, 0x6c, 0x75, 0x65, 0x5f, 0x6b, 0x69, 0x6e, 0x64, 0xa8, 0x62, 0x79, 0x5f, 0x76,
    0x61, 0x6c, 0x75, 0x65, 0xab, 0x2e, 0x76, 0x61, 0x6c, 0x75, 0x65, 0x5f, 0x74, 0x79, 0x70, 0x65,
    0xa3, 0x69, 0x33, 0x32, 0x85, 0xa5, 0x2e, 0x6e, 0x61, 0x6d, 0x65, 0xa2, 0x4f, 0x73, 0xa7, 0x2e,
    0x6f, 0x66, 0x66, 0x73, 0x65, 0x74, 0xcd, 0x01, 0x30, 0xa5, 0x2e, 0x73, 0x69, 0x7a, 0x65, 0x04,
    0xab, 0x2e, 0x76, 0x61, 0x6c, 0x75, 0x65, 0x5f, 0x6b, 0x69, 0x6e, 0x64, 0xa8, 0x62, 0x79, 0x5f,
    0x76, 0x61, 0x6c, 0x75, 0x65, 0xab, 0x2e, 0x76, 0x61, 0x6c, 0x75, 0x65, 0x5f, 0x74, 0x79, 0x70,
    0x65, 0xa3, 0x69, 0x33, 0x32, 0x85, 0xa5, 0x2e, 0x6e, 0x61, 0x6d, 0x65, 0xa3, 0x70, 0x61, 0x64,
    0xa7, 0x2e, 0x6f, 0x66, 0x66, 0x73, 0x65, 0x74, 0xcd, 0x01, 0x34, 0xa5, 0x2e, 0x73, 0x69, 0x7a,
    0x65, 0x04, 0xab, 0x2e, 0x76, 0x61, 0x6c, 0x75, 0x65, 0x5f, 0x6b, 0x69, 0x6e, 0x64, 0xa8, 0x62,
    0x79, 0x5f, 0x76, 0x61, 0x6c, 0x75, 0x65, 0xab, 0x2e, 0x76, 0x61, 0x6c, 0x75, 0x65, 0x5f, 0x74,
    0x79, 0x70, 0x65, 0xa3, 0x69, 0x33, 0x32, 0x85, 0xa5, 0x2e, 0x6e, 0x61, 0x6d, 0x65, 0xa3, 0x70,
    0x61, 0x64, 0xa7, 0x2e, 0x6f, 0x66, 0x66, 0x73, 0x65, 0x74, 0xcd, 0x01, 0x38, 0xa5, 0x2e, 0x73,
    0x69, 0x7a, 0x65, 0x04, 0xab, 0x2e, 0x76, 0x61, 0x6c, 0x75, 0x65, 0x5f, 0x6b, 0x69, 0x6e, 0x64,
    0xa8, 0x62, 0x79, 0x5f, 0x76, 0x61, 0x6c, 0x75, 0x65, 0xab, 0x2e, 0x76, 0x61, 0x6c, 0x75, 0x65,
    0x5f, 0x74, 0x79, 0x70, 0x65, 0xa3, 0x69, 0x33, 0x32, 0x85, 0xa5, 0x2e, 0x6e, 0x61, 0x6d, 0x65,
    0xa3, 0x70, 0x61, 0x64, 0xa7, 0x2e, 0x6f, 0x66, 0x66, 0x73, 0x65, 0x74, 0xcd, 0x01, 0x3c, 0xa5,
    0x2e, 0x73, 0x69, 0x7a, 0x65, 0x04, 0xab, 0x2e, 0x76, 0x61, 0x6c, 0x75, 0x65, 0x5f, 0x6b, 0x69,
    0x6e, 0x64, 0xa8, 0x62, 0x79, 0x5f, 0x76, 0x61, 0x6c, 0x75, 0x65, 0xab, 0x2e, 0x76, 0x61, 0x6c,
    0x75, 0x65, 0x5f, 0x74, 0x79, 0x70, 0x65, 0xa3, 0x69, 0x33, 0x32, 0x85, 0xa5, 0x2e, 0x6e, 0x61,
    0x6d, 0x65, 0xa4, 0x65, 0x47, 0x55, 0x73, 0xa7, 0x2e, 0x6f, 0x66, 0x66, 0x73, 0x65, 0x74, 0xcd,
    0x01, 0x40, 0xa5, 0x2e, 0x73, 0x69, 0x7a, 0x65, 0x04, 0xab, 0x2e, 0x76, 0x61, 0x6c, 0x75, 0x65,
    0x5f, 0x6b, 0x69, 0x6e, 0x64, 0xa8, 0x62, 0x79, 0x5f, 0x76, 0x61, 0x6c, 0x75, 0x65, 0xab, 0x2e,
    0x76, 0x61, 0x6c, 0x75, 0x65, 0x5f, 0x74, 0x79, 0x70, 0x65, 0xa3, 0x69, 0x33, 0x32, 0x85, 0xa5,
    0x2e, 0x6e, 0x61, 0x6d, 0x65, 0xa3, 0x70, 0x61, 0x64, 0xa7, 0x2e, 0x6f, 0x66, 0x66, 0x73, 0x65,
    0x74, 0xcd, 0x01, 0x44, 0xa5, 0x2e, 0x73, 0x69, 0x7a, 0x65, 0x04, 0xab, 0x2e, 0x76, 0x61, 0x6c,
    0x75, 0x65, 0x5f, 0x6b, 0x69, 0x6e, 0x64, 0xa8, 0x62, 0x79, 0x5f, 0x76, 0x61, 0x6c, 0x75, 0x65,
    0xab, 0x2e, 0x76, 0x61, 0x6c, 0x75, 0x65, 0x5f, 0x74, 0x79, 0x70, 0x65, 0xa3, 0x69, 0x33, 0x32,
    0x85, 0xa5, 0x2e, 0x6e, 0x61, 0x6d, 0x65, 0xa3, 0x70, 0x61, 0x64, 0xa7, 0x2e, 0x6f, 0x66, 0x66,
    0x73, 0x65, 0x74, 0xcd, 0x01, 0x48, 0xa5, 0x2e, 0x73, 0x69, 0x7a, 0x65, 0x04, 0xab, 0x2e, 0x76,
    0x61, 0x6c, 0x75, 0x65, 0x5f, 0x6b, 0x69, 0x6e, 0x64, 0xa8, 0x62, 0x79, 0x5f, 0x76, 0x61, 0x6c,
    0x75, 0x65, 0xab, 0x2e, 0x76, 0x61, 0x6c, 0x75, 0x65, 0x5f, 0x74, 0x79, 0x70, 0x65, 0xa3, 0x69,
    0x33, 0x32, 0x85, 0xa5, 0x2e, 0x6e, 0x61, 0x6d, 0x65, 0xa3, 0x70, 0x61, 0x64, 0xa7, 0x2e, 0x6f,
    0x66, 0x66, 0x73, 0x65, 0x74, 0xcd, 0x01, 0x4c, 0xa5, 0x2e, 0x73, 0x69, 0x7a, 0x65, 0x04, 0xab,
    0x2e, 0x76, 0x61, 0x6c, 0x75, 0x65, 0x5f, 0x6b, 0x69, 0x6e, 0x64, 0xa8, 0x62, 0x79, 0x5f, 0x76,
    0x61, 0x6c, 0x75, 0x65, 0xab, 0x2e, 0x76, 0x61, 0x6c, 0x75, 0x65, 0x5f, 0x74, 0x79, 0x70, 0x65,
    0xa3, 0x69, 0x33, 0x32, 0x85, 0xa5, 0x2e, 0x6e, 0x61, 0x6d, 0x65, 0xa3, 0x65, 0x44, 0x73, 0xa7,
    0x2e, 0x6f, 0x66, 0x66, 0x73, 0x65, 0x74, 0xcd, 0x01, 0x50, 0xa5, 0x2e, 0x73, 0x69, 0x7a, 0x65,
    0x04, 0xab, 0x2e, 0x76, 0x61, 0x6c, 0x75, 0x65, 0x5f, 0x6b, 0x69, 0x6e, 0x64, 0xa8, 0x62, 0x79,
    0x5f, 0x76, 0x61, 0x6c, 0x75, 0x65, 0xab, 0x2e, 0x76, 0x61, 0x6c, 0x75, 0x65, 0x5f, 0x74, 0x79,
    0x70, 0x65, 0xa3, 0x69, 0x33, 0x32, 0x85, 0xa5, 0x2e, 0x6e, 0x61, 0x6d, 0x65, 0xa3, 0x70, 0x61,
    0x64, 0xa7, 0x2e, 0x6f, 0x66, 0x66, 0x73, 0x65, 0x74, 0xcd, 0x01, 0x54, 0xa5, 0x2e, 0x73, 0x69,
    0x7a, 0x65, 0x04, 0xab, 0x2e, 0x76, 0x61, 0x6c, 0x75, 0x65, 0x5f, 0x6b, 0x69, 0x6e, 0x64, 0xa8,
    0x62, 0x79, 0x5f, 0x76, 0x61, 0x6c, 0x75, 0x65, 0xab, 0x2e, 0x76, 0x61, 0x6c, 0x75, 0x65, 0x5f,
    0x74, 0x79, 0x70, 0x65, 0xa3, 0x69, 0x33, 0x32, 0x85, 0xa5, 0x2e, 0x6e, 0x61, 0x6d, 0x65, 0xa3,
    0x70, 0x61, 0x64, 0xa7, 0x2e, 0x6f, 0x66, 0x66, 0x73, 0x65, 0x74, 0xcd, 0x01, 0x58, 0xa5, 0x2e,
    0x73, 0x69, 0x7a, 0x65, 0x04, 0xab, 0x2e, 0x76, 0x61, 0x6c, 0x75, 0x65, 0x5f, 0x6b, 0x69, 0x6e,
    0x64, 0xa8, 0x62, 0x79, 0x5f, 0x76, 0x61, 0x6c, 0x75, 0x65, 0xab, 0x2e, 0x76, 0x61, 0x6c, 0x75,
    0x65, 0x5f, 0x74, 0x79, 0x70, 0x65, 0xa3, 0x69, 0x33, 0x32, 0x85, 0xa5, 0x2e, 0x6e, 0x61, 0x6d,
    0x65, 0xa3, 0x70, 0x61, 0x64, 0xa7, 0x2e, 0x6f, 0x66, 0x66, 0x73, 0x65, 0x74, 0xcd, 0x01, 0x5c,
    0xa5, 0x2e, 0x73, 0x69, 0x7a, 0x65, 0x04, 0xab, 0x2e, 0x76, 0x61, 0x6c, 0x75, 0x65, 0x5f, 0x6b,
    0x69, 0x6e, 0x64, 0xa8, 0x62, 0x79, 0x5f, 0x76, 0x61, 0x6c, 0x75, 0x65, 0xab, 0x2e, 0x76, 0x61,
    0x6c, 0x75, 0x65, 0x5f, 0x74, 0x79, 0x70, 0x65, 0xa3, 0x69, 0x33, 0x32, 0x85, 0xa5, 0x2e, 0x6e,
    0x61, 0x6d, 0x65, 0xa5, 0x65, 0x47, 0x55, 0x51, 0x73, 0xa7, 0x2e, 0x6f, 0x66, 0x66, 0x73, 0x65,
    0x74, 0xcd, 0x01, 0x60, 0xa5, 0x2e, 0x73, 0x69, 0x7a, 0x65, 0x04, 0xab, 0x2e, 0x76, 0x61, 0x6c,
    0x75, 0x65, 0x5f, 0x6b, 0x69, 0x6e, 0x64, 0xa8, 0x62, 0x79, 0x5f, 0x76, 0x61, 0x6c, 0x75, 0x65,
    0xab, 0x2e, 0x76, 0x61, 0x6c, 0x75, 0x65, 0x5f, 0x74, 0x79, 0x70, 0x65, 0xa3, 0x69, 0x33, 0x32,
    0x85, 0xa5, 0x2e, 0x6e, 0x61, 0x6d, 0x65, 0xa3, 0x70, 0x61, 0x64, 0xa7, 0x2e, 0x6f, 0x66, 0x66,
    0x73, 0x65, 0x74, 0xcd, 0x01, 0x64, 0xa5, 0x2e, 0x73, 0x69, 0x7a, 0x65, 0x04, 0xab, 0x2e, 0x76,
    0x61, 0x6c, 0x75, 0x65, 0x5f, 0x6b, 0x69, 0x6e, 0x64, 0xa8, 0x62, 0x79, 0x5f, 0x76, 0x61, 0x6c,
    0x75, 0x65, 0xab, 0x2e, 0x76, 0x61, 0x6c, 0x75, 0x65, 0x5f, 0x74, 0x79, 0x70, 0x65, 0xa3, 0x69,
    0x33, 0x32, 0x85, 0xa5, 0x2e, 0x6e, 0x61, 0x6d, 0x65, 0xa3, 0x70, 0x61, 0x64, 0xa7, 0x2e, 0x6f,
    0x66, 0x66, 0x73, 0x65, 0x74, 0xcd, 0x01, 0x68, 0xa5, 0x2e, 0x73, 0x69, 0x7a, 0x65, 0x04, 0xab,
    0x2e, 0x76, 0x61, 0x6c, 0x75, 0x65, 0x5f, 0x6b, 0x69, 0x6e, 0x64, 0xa8, 0x62, 0x79, 0x5f, 0x76,
    0x61, 0x6c, 0x75, 0x65, 0xab, 0x2e, 0x76, 0x61, 0x6c, 0x75, 0x65, 0x5f, 0x74, 0x79, 0x70, 0x65,
    0xa3, 0x69, 0x33, 0x32, 0x85, 0xa5, 0x2e, 0x6e, 0x61, 0x6d, 0x65, 0xa3, 0x70, 0x61, 0x64, 0xa7,
    0x2e, 0x6f, 0x66, 0x66, 0x73, 0x65, 0x74, 0xcd, 0x01, 0x6c, 0xa5, 0x2e, 0x73, 0x69, 0x7a, 0x65,
    0x04, 0xab, 0x2e, 0x76, 0x61, 0x6c, 0x75, 0x65, 0x5f, 0x6b, 0x69, 0x6e, 0x64, 0xa8, 0x62, 0x79,
    0x5f, 0x76, 0x61, 0x6c, 0x75, 0x65, 0xab, 0x2e, 0x76, 0x61, 0x6c, 0x75, 0x65, 0x5f, 0x74, 0x79,
    0x70, 0x65, 0xa3, 0x69, 0x33, 0x32, 0x85, 0xa5, 0x2e, 0x6e, 0x61, 0x6d, 0x65, 0xa4, 0x65, 0x44,
    0x51, 0x73, 0xa7, 0x2e, 0x6f, 0x66, 0x66, 0x73, 0x65, 0x74, 0xcd, 0x01, 0x70, 0xa5, 0x2e, 0x73,
    0x69, 0x7a, 0x65, 0x04, 0xab, 0x2e, 0x76, 0x61, 0x6c, 0x75, 0x65, 0x5f, 0x6b, 0x69, 0x6e, 0x64,
    0xa8, 0x62, 0x79, 0x5f, 0x76, 0x61, 0x6c, 0x75, 0x65, 0xab, 0x2e, 0x76, 0x61, 0x6c, 0x75, 0x65,
    0x5f, 0x74, 0x79, 0x70, 0x65, 0xa3, 0x69, 0x33, 0x32, 0x85, 0xa5, 0x2e, 0x6e, 0x61, 0x6d, 0x65,
    0xa3, 0x70, 0x61, 0x64, 0xa7, 0x2e, 0x6f, 0x66, 0x66, 0x73, 0x65, 0x74, 0xcd, 0x01, 0x74, 0xa5,
    0x2e, 0x73, 0x69, 0x7a, 0x65, 0x04, 0xab, 0x2e, 0x76, 0x61, 0x6c, 0x75, 0x65, 0x5f, 0x6b, 0x69,
    0x6e, 0x64, 0xa8, 0x62, 0x79, 0x5f, 0x76, 0x61, 0x6c, 0x75, 0x65, 0xab, 0x2e, 0x76, 0x61, 0x6c,
    0x75, 0x65, 0x5f, 0x74, 0x79, 0x70, 0x65, 0xa3, 0x69, 0x33, 0x32, 0x85, 0xa5, 0x2e, 0x6e, 0x61,
    0x6d, 0x65, 0xa3, 0x70, 0x61, 0x64, 0xa7, 0x2e, 0x6f, 0x66, 0x66, 0x73, 0x65, 0x74, 0xcd, 0x01,
    0x78, 0xa5, 0x2e, 0x73, 0x69, 0x7a, 0x65, 0x04, 0xab, 0x2e, 0x76, 0x61, 0x6c, 0x75, 0x65, 0x5f,
    0x6b, 0x69, 0x6e, 0x64, 0xa8, 0x62, 0x79, 0x5f, 0x76, 0x61, 0x6c, 0x75, 0x65, 0xab, 0x2e, 0x76,
    0x61, 0x6c, 0x75, 0x65, 0x5f, 0x74, 0x79, 0x70, 0x65, 0xa3, 0x69, 0x33, 0x32, 0x85, 0xa5, 0x2e,
    0x6e, 0x61, 0x6d, 0x65, 0xa3, 0x70, 0x61, 0x64, 0xa7, 0x2e, 0x6f, 0x66, 0x66, 0x73, 0x65, 0x74,
    0xcd, 0x01, 0x7c, 0xa5, 0x2e, 0x73, 0x69, 0x7a, 0x65, 0x04, 0xab, 0x2e, 0x76, 0x61, 0x6c, 0x75,
    0x65, 0x5f, 0x6b, 0x69, 0x6e, 0x64, 0xa8, 0x62, 0x79, 0x5f, 0x76, 0x61, 0x6c, 0x75, 0x65, 0xab,
    0x2e, 0x76, 0x61, 0x6c, 0x75, 0x65, 0x5f, 0x74, 0x79, 0x70, 0x65, 0xa3, 0x69, 0x33, 0x32, 0x85,
    0xa5, 0x2e, 0x6e, 0x61, 0x6d, 0x65, 0xa5, 0x65, 0x53, 0x4d, 0x51, 0x73, 0xa7, 0x2e, 0x6f, 0x66,
    0x66, 0x73, 0x65, 0x74, 0xcd, 0x01, 0x80, 0xa5, 0x2e, 0x73, 0x69, 0x7a, 0x65, 0x04, 0xab, 0x2e,
    0x76, 0x61, 0x6c, 0x75, 0x65, 0x5f, 0x6b, 0x69, 0x6e, 0x64, 0xa8, 0x62, 0x79, 0x5f, 0x76, 0x61,
    0x6c, 0x75, 0x65, 0xab, 0x2e, 0x76, 0x61, 0x6c, 0x75, 0x65, 0x5f, 0x74, 0x79, 0x70, 0x65, 0xa3,
    0x69, 0x33, 0x32, 0x85, 0xa5, 0x2e, 0x6e, 0x61, 0x6d, 0x65, 0xa3, 0x70, 0x61, 0x64, 0xa7, 0x2e,
    0x6f, 0x66, 0x66, 0x73, 0x65, 0x74, 0xcd, 0x01, 0x84, 0xa5, 0x2e, 0x73, 0x69, 0x7a, 0x65, 0x04,
    0xab, 0x2e, 0x76, 0x61, 0x6c, 0x75, 0x65, 0x5f, 0x6b, 0x69, 0x6e, 0x64, 0xa8, 0x62, 0x79, 0x5f,
    0x76, 0x61, 0x6c, 0x75, 0x65, 0xab, 0x2e, 0x76, 0x61, 0x6c, 0x75, 0x65, 0x5f, 0x74, 0x79, 0x70,
    0x65, 0xa3, 0x69, 0x33, 0x32, 0x85, 0xa5, 0x2e, 0x6e, 0x61, 0x6d, 0x65, 0xa3, 0x70, 0x61, 0x64,
    0xa7, 0x2e, 0x6f, 0x66, 0x66, 0x73, 0x65, 0x74, 0xcd, 0x01, 0x88, 0xa5, 0x2e, 0x73, 0x69, 0x7a,
    0x65, 0x04, 0xab, 0x2e, 0x76, 0x61, 0x6c, 0x75, 0x65, 0x5f, 0x6b, 0x69, 0x6e, 0x64, 0xa8, 0x62,
    0x79, 0x5f, 0x76, 0x61, 0x6c, 0x75, 0x65, 0xab, 0x2e, 0x76, 0x61, 0x6c, 0x75, 0x65, 0x5f, 0x74,
    0x79, 0x70, 0x65, 0xa3, 0x69, 0x33, 0x32, 0x85, 0xa5, 0x2e, 0x6e, 0x61, 0x6d, 0x65, 0xa3, 0x70,
    0x61, 0x64, 0xa7, 0x2e, 0x6f, 0x66, 0x66, 0x73, 0x65, 0x74, 0xcd, 0x01, 0x8c, 0xa5, 0x2e, 0x73,
    0x69, 0x7a, 0x65, 0x04, 0xab, 0x2e, 0x76, 0x61, 0x6c, 0x75, 0x65, 0x5f, 0x6b, 0x69, 0x6e, 0x64,
    0xa8, 0x62, 0x79, 0x5f, 0x76, 0x61, 0x6c, 0x75, 0x65, 0xab, 0x2e, 0x76, 0x61, 0x6c, 0x75, 0x65,
    0x5f, 0x74, 0x79, 0x70, 0x65, 0xa3, 0x69, 0x33, 0x32, 0x85, 0xa5, 0x2e, 0x6e, 0x61, 0x6d, 0x65,
    0xa4, 0x74, 0x6f, 0x70, 0x6b, 0xa7, 0x2e, 0x6f, 0x66, 0x66, 0x73, 0x65, 0x74, 0xcd, 0x01, 0x90,
    0xa5, 0x2e, 0x73, 0x69, 0x7a, 0x65, 0x04, 0xab, 0x2e, 0x76, 0x61, 0x6c, 0x75, 0x65, 0x5f, 0x6b,
    0x69, 0x6e, 0x64, 0xa8, 0x62, 0x79, 0x5f, 0x76, 0x61, 0x6c, 0x75, 0x65, 0xab, 0x2e, 0x76, 0x61,
    0x6c, 0x75, 0x65, 0x5f, 0x74, 0x79, 0x70, 0x65, 0xa3, 0x69, 0x33, 0x32, 0x85, 0xa5, 0x2e, 0x6e,
    0x61, 0x6d, 0x65, 0xa3, 0x70, 0x61, 0x64, 0xa7, 0x2e, 0x6f, 0x66, 0x66, 0x73, 0x65, 0x74, 0xcd,
    0x01, 0x94, 0xa5, 0x2e, 0x73, 0x69, 0x7a, 0x65, 0x04, 0xab, 0x2e, 0x76, 0x61, 0x6c, 0x75, 0x65,
    0x5f, 0x6b, 0x69, 0x6e, 0x64, 0xa8, 0x62, 0x79, 0x5f, 0x76, 0x61, 0x6c, 0x75, 0x65, 0xab, 0x2e,
    0x76, 0x61, 0x6c, 0x75, 0x65, 0x5f, 0x74, 0x79, 0x70, 0x65, 0xa3, 0x69, 0x33, 0x32, 0x85, 0xa5,
    0x2e, 0x6e, 0x61, 0x6d, 0x65, 0xa3, 0x70, 0x61, 0x64, 0xa7, 0x2e, 0x6f, 0x66, 0x66, 0x73, 0x65,
    0x74, 0xcd, 0x01, 0x98, 0xa5, 0x2e, 0x73, 0x69, 0x7a, 0x65, 0x04, 0xab, 0x2e, 0x76, 0x61, 0x6c,
    0x75, 0x65, 0x5f, 0x6b, 0x69, 0x6e, 0x64, 0xa8, 0x62, 0x79, 0x5f, 0x76, 0x61, 0x6c, 0x75, 0x65,
    0xab, 0x2e, 0x76, 0x61, 0x6c, 0x75, 0x65, 0x5f, 0x74, 0x79, 0x70, 0x65, 0xa3, 0x69, 0x33, 0x32,
    0x85, 0xa5, 0x2e, 0x6e, 0x61, 0x6d, 0x65, 0xa3, 0x70, 0x61, 0x64, 0xa7, 0x2e, 0x6f, 0x66, 0x66,
    0x73, 0x65, 0x74, 0xcd, 0x01, 0x9c, 0xa5, 0x2e, 0x73, 0x69, 0x7a, 0x65, 0x04, 0xab, 0x2e, 0x76,
    0x61, 0x6c, 0x75, 0x65, 0x5f, 0x6b, 0x69, 0x6e, 0x64, 0xa8, 0x62, 0x79, 0x5f, 0x76, 0x61, 0x6c,
    0x75, 0x65, 0xab, 0x2e, 0x76, 0x61, 0x6c, 0x75, 0x65, 0x5f, 0x74, 0x79, 0x70, 0x65, 0xa3, 0x69,
    0x33, 0x32, 0x85, 0xa5, 0x2e, 0x6e, 0x61, 0x6d, 0x65, 0xa9, 0x74, 0x6f, 0x74, 0x61, 0x6c, 0x5f,
    0x74, 0x67, 0x73, 0xa7, 0x2e, 0x6f, 0x66, 0x66, 0x73, 0x65, 0x74, 0xcd, 0x01, 0xa0, 0xa5, 0x2e,
    0x73, 0x69, 0x7a, 0x65, 0x04, 0xab, 0x2e, 0x76, 0x61, 0x6c, 0x75, 0x65, 0x5f, 0x6b, 0x69, 0x6e,
    0x64, 0xa8, 0x62, 0x79, 0x5f, 0x76, 0x61, 0x6c, 0x75, 0x65, 0xab, 0x2e, 0x76, 0x61, 0x6c, 0x75,
    0x65, 0x5f, 0x74, 0x79, 0x70, 0x65, 0xa3, 0x69, 0x33, 0x32, 0x85, 0xa5, 0x2e, 0x6e, 0x61, 0x6d,
    0x65, 0xa3, 0x70, 0x61, 0x64, 0xa7, 0x2e, 0x6f, 0x66, 0x66, 0x73, 0x65, 0x74, 0xcd, 0x01, 0xa4,
    0xa5, 0x2e, 0x73, 0x69, 0x7a, 0x65, 0x04, 0xab, 0x2e, 0x76, 0x61, 0x6c, 0x75, 0x65, 0x5f, 0x6b,
    0x69, 0x6e, 0x64, 0xa8, 0x62, 0x79, 0x5f, 0x76, 0x61, 0x6c, 0x75, 0x65, 0xab, 0x2e, 0x76, 0x61,
    0x6c, 0x75, 0x65, 0x5f, 0x74, 0x79, 0x70, 0x65, 0xa3, 0x69, 0x33, 0x32, 0x85, 0xa5, 0x2e, 0x6e,
    0x61, 0x6d, 0x65, 0xa3, 0x70, 0x61, 0x64, 0xa7, 0x2e, 0x6f, 0x66, 0x66, 0x73, 0x65, 0x74, 0xcd,
    0x01, 0xa8, 0xa5, 0x2e, 0x73, 0x69, 0x7a, 0x65, 0x04, 0xab, 0x2e, 0x76, 0x61, 0x6c, 0x75, 0x65,
    0x5f, 0x6b, 0x69, 0x6e, 0x64, 0xa8, 0x62, 0x79, 0x5f, 0x76, 0x61, 0x6c, 0x75, 0x65, 0xab, 0x2e,
    0x76, 0x61, 0x6c, 0x75, 0x65, 0x5f, 0x74, 0x79, 0x70, 0x65, 0xa3, 0x69, 0x33, 0x32, 0x85, 0xa5,
    0x2e, 0x6e, 0x61, 0x6d, 0x65, 0xa3, 0x70, 0x61, 0x64, 0xa7, 0x2e, 0x6f, 0x66, 0x66, 0x73, 0x65,
    0x74, 0xcd, 0x01, 0xac, 0xa5, 0x2e, 0x73, 0x69, 0x7a, 0x65, 0x04, 0xab, 0x2e, 0x76, 0x61, 0x6c,
    0x75, 0x65, 0x5f, 0x6b, 0x69, 0x6e, 0x64, 0xa8, 0x62, 0x79, 0x5f, 0x76, 0x61, 0x6c, 0x75, 0x65,
    0xab, 0x2e, 0x76, 0x61, 0x6c, 0x75, 0x65, 0x5f, 0x74, 0x79, 0x70, 0x65, 0xa3, 0x69, 0x33, 0x32,
    0x85, 0xa5, 0x2e, 0x6e, 0x61, 0x6d, 0x65, 0xa7, 0x70, 0x73, 0x5f, 0x64, 0x65, 0x6e, 0x6f, 0xa7,
    0x2e, 0x6f, 0x66, 0x66, 0x73, 0x65, 0x74, 0xcd, 0x01, 0xb0, 0xa5, 0x2e, 0x73, 0x69, 0x7a, 0x65,
    0x04, 0xab, 0x2e, 0x76, 0x61, 0x6c, 0x75, 0x65, 0x5f, 0x6b, 0x69, 0x6e, 0x64, 0xa8, 0x62, 0x79,
    0x5f, 0x76, 0x61, 0x6c, 0x75, 0x65, 0xab, 0x2e, 0x76, 0x61, 0x6c, 0x75, 0x65, 0x5f, 0x74, 0x79,
    0x70, 0x65, 0xa3, 0x69, 0x33, 0x32, 0x85, 0xa5, 0x2e, 0x6e, 0x61, 0x6d, 0x65, 0xa3, 0x70, 0x61,
    0x64, 0xa7, 0x2e, 0x6f, 0x66, 0x66, 0x73, 0x65, 0x74, 0xcd, 0x01, 0xb4, 0xa5, 0x2e, 0x73, 0x69,
    0x7a, 0x65, 0x04, 0xab, 0x2e, 0x76, 0x61, 0x6c, 0x75, 0x65, 0x5f, 0x6b, 0x69, 0x6e, 0x64, 0xa8,
    0x62, 0x79, 0x5f, 0x76, 0x61, 0x6c, 0x75, 0x65, 0xab, 0x2e, 0x76, 0x61, 0x6c, 0x75, 0x65, 0x5f,
    0x74, 0x79, 0x70, 0x65, 0xa3, 0x69, 0x33, 0x32, 0x85, 0xa5, 0x2e, 0x6e, 0x61, 0x6d, 0x65, 0xa3,
    0x70, 0x61, 0x64, 0xa7, 0x2e, 0x6f, 0x66, 0x66, 0x73, 0x65, 0x74, 0xcd, 0x01, 0xb8, 0xa5, 0x2e,
    0x73, 0x69, 0x7a, 0x65, 0x04, 0xab, 0x2e, 0x76, 0x61, 0x6c, 0x75, 0x65, 0x5f, 0x6b, 0x69, 0x6e,
    0x64, 0xa8, 0x62, 0x79, 0x5f, 0x76, 0x61, 0x6c, 0x75, 0x65, 0xab, 0x2e, 0x76, 0x61, 0x6c, 0x75,
    0x65, 0x5f, 0x74, 0x79, 0x70, 0x65, 0xa3, 0x69, 0x33, 0x32, 0x85, 0xa5, 0x2e, 0x6e, 0x61, 0x6d,
    0x65, 0xa3, 0x70, 0x61, 0x64, 0xa7, 0x2e, 0x6f, 0x66, 0x66, 0x73, 0x65, 0x74, 0xcd, 0x01, 0xbc,
    0xa5, 0x2e, 0x73, 0x69, 0x7a, 0x65, 0x04, 0xab, 0x2e, 0x76, 0x61, 0x6c, 0x75, 0x65, 0x5f, 0x6b,
    0x69, 0x6e, 0x64, 0xa8, 0x62, 0x79, 0x5f, 0x76, 0x61, 0x6c, 0x75, 0x65, 0xab, 0x2e, 0x76, 0x61,
    0x6c, 0x75, 0x65, 0x5f, 0x74, 0x79, 0x70, 0x65, 0xa3, 0x69, 0x33, 0x32, 0xb9, 0x2e, 0x67, 0x72,
    0x6f, 0x75, 0x70, 0x5f, 0x73, 0x65, 0x67, 0x6d, 0x65, 0x6e, 0x74, 0x5f, 0x66, 0x69, 0x78, 0x65,
    0x64, 0x5f, 0x73, 0x69, 0x7a, 0x65, 0xcd, 0x8c, 0x00, 0xb6, 0x2e, 0x6b, 0x65, 0x72, 0x6e, 0x61,
    0x72, 0x67, 0x5f, 0x73, 0x65, 0x67, 0x6d, 0x65, 0x6e, 0x74, 0x5f, 0x61, 0x6c, 0x69, 0x67, 0x6e,
    0x04, 0xb5, 0x2e, 0x6b, 0x65, 0x72, 0x6e, 0x61, 0x72, 0x67, 0x5f, 0x73, 0x65, 0x67, 0x6d, 0x65,
    0x6e, 0x74, 0x5f, 0x73, 0x69, 0x7a, 0x65, 0xcd, 0x01, 0xc0, 0xb8, 0x2e, 0x6d, 0x61, 0x78, 0x5f,
    0x66, 0x6c, 0x61, 0x74, 0x5f, 0x77, 0x6f, 0x72, 0x6b, 0x67, 0x72, 0x6f, 0x75, 0x70, 0x5f, 0x73,
    0x69, 0x7a, 0x65, 0xcd, 0x01, 0x00, 0xa5, 0x2e, 0x6e, 0x61, 0x6d, 0x65, 0xd9, 0x44, 0x5f, 0x5a,
    0x4e, 0x35, 0x61, 0x69, 0x74, 0x65, 0x72, 0x35, 0x36, 0x66, 0x6d, 0x6f, 0x65, 0x5f, 0x62, 0x66,
    0x31, 0x36, 0x5f, 0x70, 0x65, 0x72, 0x74, 0x6f, 0x6b, 0x65, 0x6e, 0x4d, 0x58, 0x66, 0x70, 0x34,
    0x5f, 0x67, 0x31, 0x75, 0x31, 0x5f, 0x6e, 0x6f, 0x76, 0x73, 0x5f, 0x73, 0x69, 0x6c, 0x75, 0x5f,
    0x32, 0x74, 0x67, 0x5f, 0x70, 0x73, 0x5f, 0x32, 0x74, 0x67, 0x5f, 0x33, 0x32, 0x78, 0x32, 0x35,
    0x36, 0x45, 0xbb, 0x2e, 0x70, 0x72, 0x69, 0x76, 0x61, 0x74, 0x65, 0x5f, 0x73, 0x65, 0x67, 0x6d,
    0x65, 0x6e, 0x74, 0x5f, 0x66, 0x69, 0x78, 0x65, 0x64, 0x5f, 0x73, 0x69, 0x7a, 0x65, 0x00, 0xb4,
    0x2e, 0x72, 0x65, 0x71, 0x64, 0x5f, 0x77, 0x6f, 0x72, 0x6b, 0x67, 0x72, 0x6f, 0x75, 0x70, 0x5f,
    0x73, 0x69, 0x7a, 0x65, 0x93, 0xcd, 0x01, 0x00, 0x01, 0x01, 0xab, 0x2e, 0x73, 0x67, 0x70, 0x72,
    0x5f, 0x63, 0x6f, 0x75, 0x6e, 0x74, 0x70, 0xa7, 0x2e, 0x73, 0x79, 0x6d, 0x62, 0x6f, 0x6c, 0xd9,
    0x47, 0x5f, 0x5a, 0x4e, 0x35, 0x61, 0x69, 0x74, 0x65, 0x72, 0x35, 0x36, 0x66, 0x6d, 0x6f, 0x65,
    0x5f, 0x62, 0x66, 0x31, 0x36, 0x5f, 0x70, 0x65, 0x72, 0x74, 0x6f, 0x6b, 0x65, 0x6e, 0x4d, 0x58,
    0x66, 0x70, 0x34, 0x5f, 0x67, 0x31, 0x75, 0x31, 0x5f, 0x6e, 0x6f, 0x76, 0x73, 0x5f, 0x73, 0x69,
    0x6c, 0x75, 0x5f, 0x32, 0x74, 0x67, 0x5f, 0x70, 0x73, 0x5f, 0x32, 0x74, 0x67, 0x5f, 0x33, 0x32,
    0x78, 0x32, 0x35, 0x36, 0x45, 0x2e, 0x6b, 0x64, 0xab, 0x2e, 0x76, 0x67, 0x70, 0x72, 0x5f, 0x63,
    0x6f, 0x75, 0x6e, 0x74, 0xcc, 0xf0, 0xaf, 0x2e, 0x77, 0x61, 0x76, 0x65, 0x66, 0x72, 0x6f, 0x6e,
    0x74, 0x5f, 0x73, 0x69, 0x7a, 0x65, 0x40, 0xae, 0x61, 0x6d, 0x64, 0x68, 0x73, 0x61, 0x2e, 0x76,
    0x65, 0x72, 0x73, 0x69, 0x6f, 0x6e, 0x92, 0x01, 0x00, 0x00, 0x00, 0x00, 0x00, 0x00, 0x00, 0x00,
    0x00, 0x00, 0x00, 0x00, 0x00, 0x00, 0x00, 0x00, 0x00, 0x00, 0x00, 0x00, 0x00, 0x00, 0x00, 0x00,
    0x00, 0x00, 0x00, 0x00, 0x00, 0x00, 0x00, 0x00, 0x01, 0x00, 0x00, 0x00, 0x12, 0x03, 0x07, 0x00,
    0x00, 0x2e, 0x00, 0x00, 0x00, 0x00, 0x00, 0x00, 0x00, 0x00, 0x00, 0x00, 0x00, 0x00, 0x00, 0x00,
    0x46, 0x00, 0x00, 0x00, 0x11, 0x00, 0x06, 0x00, 0x00, 0x1d, 0x00, 0x00, 0x00, 0x00, 0x00, 0x00,
    0x40, 0x00, 0x00, 0x00, 0x00, 0x00, 0x00, 0x00, 0x01, 0x00, 0x00, 0x00, 0x01, 0x00, 0x00, 0x00,
    0x01, 0x00, 0x00, 0x00, 0x1a, 0x00, 0x00, 0x00, 0x00, 0x80, 0x00, 0x00, 0x04, 0x00, 0x80, 0x80,
    0x01, 0x00, 0x00, 0x00, 0xe2, 0x63, 0x75, 0x3e, 0x7f, 0x42, 0x1b, 0xdd, 0x03, 0x00, 0x00, 0x00,
    0x03, 0x00, 0x00, 0x00, 0x00, 0x00, 0x00, 0x00, 0x02, 0x00, 0x00, 0x00, 0x00, 0x00, 0x00, 0x00,
    0x00, 0x00, 0x00, 0x00, 0x00, 0x00, 0x00, 0x00, 0x01, 0x00, 0x00, 0x00, 0x00, 0x5f, 0x5a, 0x4e,
    0x35, 0x61, 0x69, 0x74, 0x65, 0x72, 0x35, 0x36, 0x66, 0x6d, 0x6f, 0x65, 0x5f, 0x62, 0x66, 0x31,
    0x36, 0x5f, 0x70, 0x65, 0x72, 0x74, 0x6f, 0x6b, 0x65, 0x6e, 0x4d, 0x58, 0x66, 0x70, 0x34, 0x5f,
    0x67, 0x31, 0x75, 0x31, 0x5f, 0x6e, 0x6f, 0x76, 0x73, 0x5f, 0x73, 0x69, 0x6c, 0x75, 0x5f, 0x32,
    0x74, 0x67, 0x5f, 0x70, 0x73, 0x5f, 0x32, 0x74, 0x67, 0x5f, 0x33, 0x32, 0x78, 0x32, 0x35, 0x36,
    0x45, 0x00, 0x5f, 0x5a, 0x4e, 0x35, 0x61, 0x69, 0x74, 0x65, 0x72, 0x35, 0x36, 0x66, 0x6d, 0x6f,
    0x65, 0x5f, 0x62, 0x66, 0x31, 0x36, 0x5f, 0x70, 0x65, 0x72, 0x74, 0x6f, 0x6b, 0x65, 0x6e, 0x4d,
    0x58, 0x66, 0x70, 0x34, 0x5f, 0x67, 0x31, 0x75, 0x31, 0x5f, 0x6e, 0x6f, 0x76, 0x73, 0x5f, 0x73,
    0x69, 0x6c, 0x75, 0x5f, 0x32, 0x74, 0x67, 0x5f, 0x70, 0x73, 0x5f, 0x32, 0x74, 0x67, 0x5f, 0x33,
    0x32, 0x78, 0x32, 0x35, 0x36, 0x45, 0x2e, 0x6b, 0x64, 0x00, 0x00, 0x00, 0x00, 0x00, 0x00, 0x00,
    0x00, 0x8c, 0x00, 0x00, 0x00, 0x00, 0x00, 0x00, 0x00, 0x00, 0x00, 0x00, 0x00, 0x00, 0x00, 0x00,
    0x00, 0x11, 0x00, 0x00, 0x00, 0x00, 0x00, 0x00, 0x00, 0x00, 0x00, 0x00, 0x00, 0x00, 0x00, 0x00,
    0x00, 0x00, 0x00, 0x00, 0x00, 0x00, 0x00, 0x00, 0x00, 0x00, 0x00, 0x00, 0x2b, 0x00, 0x00, 0x00,
    0x5d, 0x03, 0x0c, 0x00, 0x84, 0x03, 0x00, 0x00, 0x08, 0x00, 0x00, 0x00, 0x00, 0x00, 0x00, 0x00,
    0x00, 0x00, 0x00, 0x00, 0x00, 0x00, 0x00, 0x00, 0x00, 0x00, 0x00, 0x00, 0x00, 0x00, 0x00, 0x00,
    0x00, 0x00, 0x00, 0x00, 0x00, 0x00, 0x00, 0x00, 0x00, 0x00, 0x00, 0x00, 0x00, 0x00, 0x00, 0x00,
    0x00, 0x00, 0x00, 0x00, 0x00, 0x00, 0x00, 0x00, 0x00, 0x00, 0x00, 0x00, 0x00, 0x00, 0x00, 0x00,
    0x00, 0x00, 0x00, 0x00, 0x00, 0x00, 0x00, 0x00, 0x00, 0x00, 0x00, 0x00, 0x00, 0x00, 0x00, 0x00,
    0x00, 0x00, 0x00, 0x00, 0x00, 0x00, 0x00, 0x00, 0x00, 0x00, 0x00, 0x00, 0x00, 0x00, 0x00, 0x00,
    0x00, 0x00, 0x00, 0x00, 0x00, 0x00, 0x00, 0x00, 0x00, 0x00, 0x00, 0x00, 0x00, 0x00, 0x00, 0x00,
    0x00, 0x00, 0x00, 0x00, 0x00, 0x00, 0x00, 0x00, 0x00, 0x00, 0x00, 0x00, 0x00, 0x00, 0x00, 0x00,
    0x00, 0x00, 0x00, 0x00, 0x00, 0x00, 0x00, 0x00, 0x00, 0x00, 0x00, 0x00, 0x00, 0x00, 0x00, 0x00,
    0x00, 0x00, 0x00, 0x00, 0x00, 0x00, 0x00, 0x00, 0x00, 0x00, 0x00, 0x00, 0x00, 0x00, 0x00, 0x00,
    0x00, 0x00, 0x00, 0x00, 0x00, 0x00, 0x00, 0x00, 0x00, 0x00, 0x00, 0x00, 0x00, 0x00, 0x00, 0x00,
    0x00, 0x00, 0x00, 0x00, 0x00, 0x00, 0x00, 0x00, 0x00, 0x00, 0x00, 0x00, 0x00, 0x00, 0x00, 0x00,
    0x00, 0x00, 0x00, 0x00, 0x00, 0x00, 0x00, 0x00, 0x00, 0x00, 0x00, 0x00, 0x00, 0x00, 0x00, 0x00,
    0x8a, 0x00, 0x02, 0x20, 0x8a, 0x02, 0x04, 0x20, 0xff, 0x04, 0x04, 0x26, 0xff, 0x03, 0x00, 0x00,
    0xff, 0x02, 0x02, 0x26, 0xff, 0x03, 0x00, 0x00, 0xff, 0x00, 0x00, 0x26, 0xff, 0x03, 0x00, 0x00,
    0x86, 0x00, 0x06, 0x20, 0xbf, 0x00, 0x00, 0x26, 0x02, 0x00, 0x82, 0xbe, 0x03, 0x00, 0x83, 0xbe,
    0x04, 0x00, 0x84, 0xbe, 0x02, 0x00, 0xe3, 0xbe, 0x03, 0x05, 0x0e, 0x7e, 0x01, 0xff, 0x01, 0x86,
    0xff, 0xff, 0x00, 0x00, 0x80, 0x00, 0xe0, 0xbe, 0x80, 0x00, 0xe1, 0xbe, 0x80, 0x00, 0xe4, 0xbe,
    0x00, 0x18, 0x02, 0xc0, 0xa0, 0x01, 0x00, 0x00, 0x40, 0x18, 0x02, 0xc0, 0xb0, 0x01, 0x00, 0x00,
    0x7f, 0xc0, 0x8c, 0xbf, 0x60, 0x80, 0x06, 0xbf, 0x41, 0x00, 0x85, 0xbf, 0x61, 0x0c, 0x04, 0x7e,
    0x80, 0x61, 0xbc, 0x81, 0x02, 0x47, 0x04, 0x7e, 0x00, 0x00, 0x80, 0xbf, 0xff, 0x04, 0x04, 0x0a,
    0xfe, 0xff, 0x7f, 0x4f, 0x02, 0x0f, 0x04, 0x7e, 0x03, 0x00, 0x85, 0xd2, 0x3c, 0x04, 0x02, 0x00,
    0x03, 0x00, 0x86, 0xd2, 0x02, 0x07, 0x02, 0x00, 0x02, 0x07, 0x04, 0x68, 0x02, 0x00, 0x86, 0xd2,
    0x60, 0x04, 0x02, 0x00, 0x03, 0x00, 0x85, 0xd2, 0x02, 0xc3, 0x00, 0x00, 0x60, 0x06, 0x0a, 0x6a,
    0x81, 0x04, 0x08, 0x68, 0x61, 0x0a, 0x96, 0x7d, 0x61, 0x0a, 0x06, 0x6c, 0x00, 0x00, 0x80, 0xbf,
    0x02, 0x09, 0x04, 0x00, 0x05, 0x07, 0x0a, 0x00, 0x81, 0x04, 0x06, 0x68, 0x61, 0x0a, 0x96, 0x7d,
    0x01, 0x00, 0x80, 0xbf, 0x02, 0x07, 0x0a, 0x00, 0x03, 0x00, 0x80, 0xbf, 0x05, 0x05, 0xc4, 0x7e,
    0x03, 0x00, 0x80, 0xbf, 0x80, 0x00, 0x84, 0xbe, 0x61, 0x0c, 0x04, 0x7e, 0x80, 0x61, 0xbc, 0x81,
    0x02, 0x47, 0x04, 0x7e, 0x00, 0x00, 0x80, 0xbf, 0xff, 0x04, 0x04, 0x0a, 0xfe, 0xff, 0x7f, 0x4f,
    0x02, 0x0f, 0x04, 0x7e, 0x03, 0x00, 0x85, 0xd2, 0x3c, 0x04, 0x02, 0x00, 0x03, 0x00, 0x86, 0xd2,
    0x02, 0x07, 0x02, 0x00, 0x02, 0x07, 0x04, 0x68, 0x02, 0x00, 0x86, 0xd2, 0x63, 0x04, 0x02, 0x00,
    0x03, 0x00, 0x85, 0xd2, 0x02, 0xc3, 0x00, 0x00, 0x63, 0x06, 0x0a, 0x6a, 0x81, 0x04, 0x08, 0x68,
    0x61, 0x0a, 0x96, 0x7d, 0x61, 0x0a, 0x06, 0x6c, 0x00, 0x00, 0x80, 0xbf, 0x02, 0x09, 0x04, 0x00,
    0x05, 0x07, 0x0a, 0x00, 0x81, 0x04, 0x06, 0x68, 0x61, 0x0a, 0x96, 0x7d, 0x01, 0x00, 0x80, 0xbf,
    0x02, 0x07, 0x0a, 0x00, 0x03, 0x00, 0x80, 0xbf, 0x05, 0x05, 0x06, 0x7e, 0x03, 0x00, 0x80, 0xbf,
    0x03, 0x61, 0x3c, 0x92, 0x63, 0x3c, 0x82, 0x80, 0x62, 0x64, 0x3c, 0x92, 0x03, 0x3c, 0x03, 0x81,
    0x01, 0xff, 0x01, 0x86, 0xff, 0xff, 0x00, 0x00, 0x00, 0x02, 0x06, 0xc0, 0x00, 0x00, 0x00, 0x00,
    0x00, 0x05, 0x06, 0xc0, 0x10, 0x00, 0x00, 0x00, 0x00, 0x06, 0x06, 0xc0, 0x20, 0x00, 0x00, 0x00,
    0x80, 0x0c, 0x06, 0xc0, 0x30, 0x00, 0x00, 0x00, 0x00, 0x03, 0x06, 0xc0, 0x40, 0x00, 0x00, 0x00,
    0x00, 0x07, 0x06, 0xc0, 0x50, 0x00, 0x00, 0x00, 0x00, 0x08, 0x06, 0xc0, 0x60, 0x00, 0x00, 0x00,
    0x00, 0x04, 0x06, 0xc0, 0x70, 0x00, 0x00, 0x00, 0x00, 0x09, 0x06, 0xc0, 0x80, 0x00, 0x00, 0x00,
    0x00, 0x0b, 0x06, 0xc0, 0x90, 0x00, 0x00, 0x00, 0x00, 0x0a, 0x06, 0xc0, 0xa0, 0x00, 0x00, 0x00,
    0x80, 0x0b, 0x06, 0xc0, 0xb0, 0x00, 0x00, 0x00, 0x00, 0x10, 0x02, 0xc0, 0xc0, 0x00, 0x00, 0x00,
    0x40, 0x10, 0x02, 0xc0, 0xd0, 0x00, 0x00, 0x00, 0xc0, 0x10, 0x02, 0xc0, 0xf0, 0x00, 0x00, 0x00,
    0x00, 0x11, 0x02, 0xc0, 0x00, 0x01, 0x00, 0x00, 0x40, 0x11, 0x02, 0xc0, 0x10, 0x01, 0x00, 0x00,
    0x80, 0x11, 0x02, 0xc0, 0x20, 0x01, 0x00, 0x00, 0xc0, 0x11, 0x02, 0xc0, 0x30, 0x01, 0x00, 0x00,
    0x00, 0x12, 0x02, 0xc0, 0x40, 0x01, 0x00, 0x00, 0x40, 0x12, 0x02, 0xc0, 0x50, 0x01, 0x00, 0x00,
    0x80, 0x12, 0x02, 0xc0, 0x60, 0x01, 0x00, 0x00, 0xc0, 0x12, 0x02, 0xc0, 0x70, 0x01, 0x00, 0x00,
    0x00, 0x13, 0x02, 0xc0, 0x80, 0x01, 0x00, 0x00, 0x02, 0x00, 0x82, 0xbe, 0x03, 0x00, 0x83, 0xbe,
    0x04, 0x00, 0x84, 0xbe, 0x7f, 0xc0, 0x8c, 0xbf, 0x33, 0xff, 0x33, 0x86, 0xff, 0xff, 0x00, 0x00,
    0x99, 0x10, 0x02, 0xc0, 0x04, 0x00, 0x00, 0x00, 0x99, 0x0c, 0x02, 0xc0, 0x00, 0x00, 0x00, 0x00,
    0x7f, 0xc0, 0x8c, 0xbf, 0x2d, 0xff, 0x2d, 0x86, 0xff, 0xff, 0x00, 0x00, 0x2f, 0xff, 0x2f, 0x86,
    0xff, 0xff, 0x00, 0x00, 0x09, 0xff, 0x09, 0x86, 0xff, 0xff, 0x00, 0x00, 0x42, 0x44, 0x3c, 0x92,
    0x3c, 0x00, 0x96, 0xbe, 0xd0, 0x00, 0x9a, 0xbe, 0xd0, 0x00, 0x8e, 0xbe, 0xd0, 0x00, 0xaa, 0xbe,
    0xd0, 0x00, 0x9e, 0xbe, 0xd0, 0x00, 0xa2, 0xbe, 0xd0, 0x00, 0xa6, 0xbe, 0xd0, 0x00, 0x92, 0xbe,
    0x42, 0x47, 0x3c, 0x92, 0x3c, 0x00, 0x8a, 0xbe, 0xff, 0x00, 0x97, 0xbe, 0x00, 0x00, 0x02, 0x00,
    0xff, 0x00, 0x9b, 0xbe, 0x00, 0x00, 0x02, 0x00, 0xff, 0x00, 0x8f, 0xbe, 0x00, 0x00, 0x02, 0x00,
    0xff, 0x00, 0xab, 0xbe, 0x00, 0x00, 0x02, 0x00, 0xff, 0x00, 0x9f, 0xbe, 0x00, 0x00, 0x02, 0x00,
    0xff, 0x00, 0xa3, 0xbe, 0x00, 0x00, 0x02, 0x00, 0xff, 0x00, 0xa7, 0xbe, 0x00, 0x00, 0x02, 0x00,
    0xff, 0x00, 0x93, 0xbe, 0x00, 0x00, 0x02, 0x00, 0xff, 0x00, 0x8b, 0xbe, 0x00, 0x00, 0x02, 0x00,
    0x15, 0xff, 0x15, 0x86, 0xff, 0xff, 0x00, 0x00, 0x19, 0xff, 0x19, 0x86, 0xff, 0xff, 0x00, 0x00,
    0x0d, 0xff, 0x0d, 0x86, 0xff, 0xff, 0x00, 0x00, 0x29, 0xff, 0x29, 0x86, 0xff, 0xff, 0x00, 0x00,
    0x1d, 0xff, 0x1d, 0x86, 0xff, 0xff, 0x00, 0x00, 0x21, 0xff, 0x21, 0x86, 0xff, 0xff, 0x00, 0x00,
    0x25, 0xff, 0x25, 0x86, 0xff, 0xff, 0x00, 0x00, 0x11, 0xff, 0x11, 0x86, 0xff, 0xff, 0x00, 0x00,
    0x15, 0xff, 0x15, 0x87, 0x00, 0x00, 0x04, 0x00, 0x19, 0xff, 0x19, 0x87, 0x00, 0x00, 0x04, 0x00,
    0x0d, 0xff, 0x0d, 0x87, 0x00, 0x00, 0x04, 0x00, 0x29, 0xff, 0x29, 0x87, 0x00, 0x00, 0x04, 0x00,
    0x1d, 0xff, 0x1d, 0x87, 0x00, 0x00, 0x04, 0x00, 0x21, 0xff, 0x21, 0x87, 0x00, 0x00, 0x04, 0x00,
    0x25, 0xff, 0x25, 0x87, 0x00, 0x00, 0x04, 0x00, 0x11, 0xff, 0x11, 0x87, 0x00, 0x00, 0x04, 0x00,
    0x3f, 0x40, 0xd9, 0xd3, 0x80, 0x00, 0x00, 0x18, 0x80, 0x02, 0x56, 0x7f, 0x7f, 0xc0, 0x8c, 0xbf,
    0x03, 0xa0, 0x3c, 0x92, 0x3c, 0x32, 0x04, 0xbf, 0xed, 0x10, 0x84, 0xbf, 0x80, 0x00, 0xd0, 0xbe,
    0x40, 0x00, 0xd1, 0xbe, 0x03, 0x84, 0x3c, 0x92, 0x3c, 0x2e, 0x2e, 0x80, 0x80, 0x2f, 0x2f, 0x82,
    0x57, 0x01, 0x02, 0xc0, 0x00, 0x00, 0x00, 0x00, 0x03, 0xa0, 0x3c, 0x92, 0x07, 0x81, 0x3d, 0x8f,
    0x3d, 0x88, 0x3d, 0x92, 0x3d, 0x3c, 0x3c, 0x80, 0x07, 0x81, 0x3d, 0x86, 0x3d, 0x82, 0x3d, 0x92,
    0x3d, 0x3c, 0x3c, 0x80, 0x84, 0x3c, 0x3c, 0x92, 0x3c, 0x2c, 0x2c, 0x80, 0x80, 0x2d, 0x2d, 0x82,
    0x96, 0x14, 0x02, 0xc0, 0x00, 0x00, 0x00, 0x00, 0xd6, 0x14, 0x02, 0xc0, 0x04, 0x00, 0x00, 0x00,
    0x16, 0x15, 0x02, 0xc0, 0x10, 0x00, 0x00, 0x00, 0x56, 0x15, 0x02, 0xc0, 0x14, 0x00, 0x00, 0x00,
    0x96, 0x15, 0x02, 0xc0, 0x40, 0x00, 0x00, 0x00, 0xd6, 0x15, 0x02, 0xc0, 0x44, 0x00, 0x00, 0x00,
    0x16, 0x16, 0x02, 0xc0, 0x50, 0x00, 0x00, 0x00, 0x56, 0x16, 0x02, 0xc0, 0x54, 0x00, 0x00, 0x00,
    0x7f, 0xc0, 0x8c, 0xbf, 0x52, 0xff, 0x52, 0x86, 0xff, 0xff, 0xff, 0x00, 0x52, 0x44, 0x3e, 0x92,
    0xff, 0x80, 0x3c, 0x8e, 0xff, 0x00, 0x00, 0x00, 0x80, 0x00, 0xbd, 0xbe, 0x3c, 0x01, 0xfe, 0xbe,
    0x3e, 0x02, 0x46, 0x7e, 0x53, 0xff, 0x53, 0x86, 0xff, 0xff, 0xff, 0x00, 0x53, 0x44, 0x3e, 0x92,
    0xff, 0x88, 0x3c, 0x8e, 0xff, 0x00, 0x00, 0x00, 0x3c, 0x01, 0xfe, 0xbe, 0x3e, 0x02, 0x46, 0x7e,
    0x54, 0xff, 0x54, 0x86, 0xff, 0xff, 0xff, 0x00, 0x54, 0x44, 0x3e, 0x92, 0xff, 0x90, 0x3c, 0x8e,
    0xff, 0x00, 0x00, 0x00, 0x3c, 0x01, 0xfe, 0xbe, 0x3e, 0x02, 0x46, 0x7e, 0x55, 0xff, 0x55, 0x86,
    0xff, 0xff, 0xff, 0x00, 0x55, 0x44, 0x3e, 0x92, 0xff, 0x98, 0x3c, 0x8e, 0xff, 0x00, 0x00, 0x00,
    0x3c, 0x01, 0xfe, 0xbe, 0x3e, 0x02, 0x46, 0x7e, 0x56, 0xff, 0x56, 0x86, 0xff, 0xff, 0xff, 0x00,
    0x56, 0x44, 0x3e, 0x92, 0xff, 0x80, 0x3d, 0x8e, 0xff, 0x00, 0x00, 0x00, 0x80, 0x00, 0xbc, 0xbe,
    0x3c, 0x01, 0xfe, 0xbe, 0x3e, 0x02, 0x46, 0x7e, 0x57, 0xff, 0x57, 0x86, 0xff, 0xff, 0xff, 0x00,
    0x57, 0x44, 0x3e, 0x92, 0xff, 0x88, 0x3d, 0x8e, 0xff, 0x00, 0x00, 0x00, 0x3c, 0x01, 0xfe, 0xbe,
    0x3e, 0x02, 0x46, 0x7e, 0x58, 0xff, 0x58, 0x86, 0xff, 0xff, 0xff, 0x00, 0x58, 0x44, 0x3e, 0x92,
    0xff, 0x90, 0x3d, 0x8e, 0xff, 0x00, 0x00, 0x00, 0x3c, 0x01, 0xfe, 0xbe, 0x3e, 0x02, 0x46, 0x7e,
    0x59, 0xff, 0x59, 0x86, 0xff, 0xff, 0xff, 0x00, 0x59, 0x44, 0x3e, 0x92, 0xff, 0x98, 0x3d, 0x8e,
    0xff, 0x00, 0x00, 0x00, 0x3c, 0x01, 0xfe, 0xbe, 0x3e, 0x02, 0x46, 0x7e, 0xc1, 0x00, 0xbc, 0xbe,
    0xc1, 0x00, 0xbd, 0xbe, 0x3c, 0x01, 0xfe, 0xbe, 0x02, 0x00, 0x13, 0xd1, 0x00, 0x0f, 0x01, 0x00,
    0x84, 0x04, 0x04, 0x24, 0x23, 0x05, 0x46, 0x68, 0xff, 0x00, 0xbe, 0xbe, 0x80, 0x00, 0x00, 0x00,
    0x24, 0x00, 0x34, 0xd1, 0x23, 0x7d, 0x00, 0x00, 0x82, 0x00, 0x04, 0x24, 0x52, 0x47, 0x3c, 0x92,
    0x5c, 0x00, 0x34, 0xd1, 0x02, 0x79, 0x00, 0x00, 0x80, 0x02, 0xba, 0x7e, 0x53, 0x47, 0x3c, 0x92,
    0x5e, 0x00, 0x34, 0xd1, 0x02, 0x79, 0x00, 0x00, 0x80, 0x02, 0xbe, 0x7e, 0x54, 0x47, 0x3c, 0x92,
    0x60, 0x00, 0x34, 0xd1, 0x02, 0x79, 0x00, 0x00, 0x80, 0x02, 0xc2, 0x7e, 0x55, 0x47, 0x3c, 0x92,
    0x62, 0x00, 0x34, 0xd1, 0x02, 0x79, 0x00, 0x00, 0x80, 0x02, 0xc6, 0x7e, 0x56, 0x47, 0x3c, 0x92,
    0x64, 0x00, 0x34, 0xd1, 0x02, 0x79, 0x00, 0x00, 0x80, 0x02, 0xca, 0x7e, 0x57, 0x47, 0x3c, 0x92,
    0x66, 0x00, 0x34, 0xd1, 0x02, 0x79, 0x00, 0x00, 0x80, 0x02, 0xce, 0x7e, 0x58, 0x47, 0x3c, 0x92,
    0x68, 0x00, 0x34, 0xd1, 0x02, 0x79, 0x00, 0x00, 0x80, 0x02, 0xd2, 0x7e, 0x59, 0x47, 0x3c, 0x92,
    0x6a, 0x00, 0x34, 0xd1, 0x02, 0x79, 0x00, 0x00, 0x80, 0x02, 0xd6, 0x7e, 0x07, 0xff, 0x3c, 0x92,
    0x20, 0x04, 0x00, 0x00, 0x80, 0x3c, 0x32, 0x80, 0xff, 0x32, 0x33, 0x80, 0x80, 0x10, 0x00, 0x00,
    0x8f, 0x00, 0x04, 0x26, 0x83, 0x04, 0x06, 0x20, 0x03, 0x00, 0x85, 0xd2, 0x82, 0x06, 0x02, 0x00,
    0x83, 0x00, 0x04, 0x26, 0x81, 0x04, 0x08, 0x20, 0x03, 0x09, 0x04, 0x68, 0xff, 0x04, 0x0c, 0x0c,
    0x20, 0x04, 0x00, 0x00, 0x87, 0x00, 0x04, 0x26, 0x82, 0x04, 0x06, 0x20, 0xff, 0x06, 0x06, 0x0c,
    0x00, 0x01, 0x00, 0x00, 0x81, 0x00, 0x04, 0x26, 0xff, 0x04, 0x08, 0x0c, 0x80, 0x00, 0x00, 0x00,
    0x03, 0x0d, 0x0c, 0x68, 0x04, 0x0d, 0x0c, 0x68, 0x84, 0x00, 0x04, 0x20, 0x02, 0x00, 0x85, 0xd2,
    0x90, 0x04, 0x02, 0x00, 0x02, 0x0d, 0x0c, 0x68, 0x02, 0xff, 0x3c, 0x92, 0x00, 0x01, 0x00, 0x00,
    0x3c, 0x45, 0x3c, 0x92, 0x05, 0x48, 0x3d, 0x92, 0x3d, 0x3c, 0x3c, 0x80, 0x3c, 0x18, 0x18, 0x80,
    0x80, 0x19, 0x19, 0x82, 0x07, 0xa0, 0x3c, 0x92, 0x3c, 0x45, 0x3c, 0x92, 0x84, 0x00, 0x48, 0x24,
    0x3c, 0x48, 0x48, 0x68, 0x90, 0x45, 0x3c, 0x92, 0x3c, 0x48, 0x4a, 0x68, 0xff, 0x45, 0x3c, 0x92,
    0x80, 0x00, 0x00, 0x00, 0x3c, 0x48, 0x4c, 0x68, 0x3c, 0x4a, 0x4e, 0x68, 0x18, 0x00, 0xdc, 0xbe,
    0x19, 0x00, 0xdd, 0xbe, 0x1a, 0x00, 0xde, 0xbe, 0x1b, 0x00, 0xdf, 0xbe, 0x45, 0x41, 0x3c, 0x92,
    0x3c, 0x5c, 0x5c, 0x80, 0x80, 0x5d, 0x5d, 0x82, 0x02, 0xff, 0x3c, 0x92, 0x00, 0x08, 0x00, 0x00,
    0x05, 0x49, 0x3d, 0x92, 0x3d, 0x3c, 0x3c, 0x80, 0x3c, 0x0c, 0x0c, 0x80, 0x80, 0x0d, 0x0d, 0x82,
    0x07, 0xa0, 0x3c, 0x92, 0x3c, 0x46, 0x3c, 0x92, 0x84, 0x00, 0x50, 0x24, 0x3c, 0x50, 0x50, 0x68,
    0x90, 0x46, 0x3c, 0x92, 0x3c, 0x50, 0x52, 0x68, 0xff, 0x46, 0x3c, 0x92, 0x80, 0x00, 0x00, 0x00,
    0x3c, 0x50, 0x54, 0x68, 0x3c, 0x52, 0x56, 0x68, 0x46, 0xff, 0x38, 0x92, 0x00, 0x01, 0x00, 0x00,
    0x03, 0xa0, 0x3c, 0x92, 0x84, 0x3c, 0x3c, 0x92, 0x3c, 0x28, 0x28, 0x80, 0x80, 0x29, 0x29, 0x82,
    0x8f, 0x00, 0x04, 0x26, 0x82, 0x04, 0x1a, 0x24, 0xc0, 0x1a, 0x1c, 0x68, 0xff, 0x00, 0x84, 0xbe,
    0x00, 0x01, 0x00, 0x00, 0x82, 0x00, 0x1e, 0x24, 0x40, 0x85, 0x3d, 0x8f, 0x07, 0xa0, 0x3c, 0x92,
    0x3d, 0x3c, 0x3c, 0x92, 0x0f, 0x00, 0x34, 0xd1, 0x0f, 0x79, 0x00, 0x00, 0x41, 0x3d, 0x3c, 0x92,
    0x11, 0x00, 0x34, 0xd1, 0x0f, 0x79, 0x00, 0x00, 0x3d, 0xff, 0x3c, 0x92, 0x80, 0x00, 0x00, 0x00,
    0x10, 0x00, 0x34, 0xd1, 0x0f, 0x79, 0x00, 0x00, 0x12, 0x00, 0x34, 0xd1, 0x11, 0x79, 0x00, 0x00,
    0x02, 0xff, 0x3c, 0x92, 0x00, 0x01, 0x00, 0x00, 0x3c, 0x3d, 0x3c, 0x92, 0x05, 0x4a, 0x3d, 0x92,
    0x3d, 0x3c, 0x3d, 0x80, 0x3d, 0x20, 0x20, 0x80, 0x80, 0x21, 0x21, 0x82, 0x82, 0x00, 0x14, 0x24,
    0x41, 0x85, 0x3c, 0x8f, 0x07, 0xa0, 0x3d, 0x92, 0x3d, 0x3c, 0x3d, 0x92, 0x3d, 0x14, 0x14, 0x68,
    0x3c, 0xff, 0x3c, 0x92, 0x80, 0x00, 0x00, 0x00, 0x0b, 0x00, 0x34, 0xd1, 0x0a, 0x79, 0x00, 0x00,
    0x02, 0xff, 0x3c, 0x92, 0x00, 0x01, 0x00, 0x00, 0x05, 0x4b, 0x3d, 0x92, 0x3c, 0x3d, 0x3c, 0x80,
    0x3c, 0x10, 0x10, 0x80, 0x80, 0x11, 0x11, 0x82, 0xff, 0x00, 0xb9, 0xbe, 0x80, 0x00, 0x00, 0x00,
    0xff, 0x00, 0xba, 0xbe, 0x00, 0x08, 0x00, 0x00, 0x41, 0x85, 0x3c, 0x8f, 0x3c, 0xff, 0x4f, 0x92,
    0x00, 0x01, 0x00, 0x00, 0x80, 0x00, 0xbb, 0xbe, 0x3a, 0x00, 0xda, 0xbe, 0xff, 0x00, 0xb4, 0xbe,
    0x02, 0x03, 0x06, 0x07, 0xff, 0x00, 0xb5, 0xbe, 0x00, 0x04, 0x00, 0x00, 0xff, 0x00, 0xb6, 0xbe,
    0x00, 0x01, 0x04, 0x00, 0xff, 0x00, 0xb7, 0xbe, 0x00, 0x01, 0x02, 0x04, 0xff, 0x00, 0x86, 0xbe,
    0x3b, 0xaa, 0xb8, 0x3f, 0xff, 0x00, 0xcd, 0xbe, 0x0c, 0x22, 0x92, 0xbd, 0x32, 0x00, 0xfc, 0xbe,
    0x03, 0xa0, 0x3c, 0x92, 0x40, 0x3c, 0x3c, 0x92, 0x3c, 0x85, 0x3c, 0x8f, 0x3c, 0x1c, 0x1c, 0x80,
    0x80, 0x1d, 0x1d, 0x82, 0x82, 0x00, 0x18, 0x24, 0xff, 0x00, 0x83, 0xbe, 0x00, 0x01, 0x00, 0x00,
    0x00, 0x10, 0x50, 0xe0, 0x0f, 0x15, 0x08, 0x80, 0x00, 0x10, 0x50, 0xe0, 0x10, 0x16, 0x08, 0x80,
    0x00, 0x10, 0x50, 0xe0, 0x0d, 0x1d, 0x0a, 0x80, 0x00, 0x10, 0x50, 0xe0, 0x0e, 0x1e, 0x0a, 0x80,
    0x00, 0x10, 0x5d, 0xe0, 0x23, 0x00, 0x05, 0x80, 0x80, 0x33, 0x7c, 0x80, 0x00, 0x10, 0x50, 0xe0,
    0x0c, 0x13, 0x07, 0x80, 0x39, 0x14, 0x14, 0x80, 0x80, 0x15, 0x15, 0x82, 0x03, 0x1c, 0x1c, 0x80,
    0x80, 0x1d, 0x1d, 0x82, 0x00, 0x10, 0x5c, 0xe0, 0x24, 0x00, 0x86, 0x80, 0x00, 0x10, 0x5c, 0xe0,
    0x25, 0x04, 0x86, 0x80, 0x00, 0x10, 0x5c, 0xe0, 0x26, 0x08, 0x86, 0x80, 0x00, 0x10, 0x5c, 0xe0,
    0x27, 0x0c, 0x86, 0x80, 0x00, 0x14, 0x5c, 0xe0, 0x24, 0x10, 0x86, 0x80, 0x00, 0x14, 0x5c, 0xe0,
    0x25, 0x14, 0x86, 0x80, 0x00, 0x14, 0x5c, 0xe0, 0x26, 0x18, 0x86, 0x80, 0x00, 0x14, 0x5c, 0xe0,
    0x27, 0x1c, 0x86, 0x80, 0x3a, 0x18, 0x18, 0x80, 0x80, 0x19, 0x19, 0x82, 0x80, 0x02, 0x58, 0x7e,
    0x80, 0x02, 0x98, 0x7e, 0x80, 0x02, 0x5a, 0x7e, 0x80, 0x02, 0x9a, 0x7e, 0x80, 0x02, 0x5c, 0x7e,
    0x80, 0x02, 0x9c, 0x7e, 0x80, 0x02, 0x5e, 0x7e, 0x80, 0x02, 0x9e, 0x7e, 0x80, 0x02, 0x60, 0x7e,
    0x80, 0x02, 0xa0, 0x7e, 0x80, 0x02, 0x62, 0x7e, 0x80, 0x02, 0xa2, 0x7e, 0x80, 0x02, 0x64, 0x7e,
    0x80, 0x02, 0xa4, 0x7e, 0x80, 0x02, 0x66, 0x7e, 0x80, 0x02, 0xa6, 0x7e, 0x80, 0x02, 0x68, 0x7e,
    0x80, 0x02, 0xa8, 0x7e, 0x80, 0x02, 0x6a, 0x7e, 0x80, 0x02, 0xaa, 0x7e, 0x80, 0x02, 0x6c, 0x7e,
    0x80, 0x02, 0xac, 0x7e, 0x80, 0x02, 0x6e, 0x7e, 0x80, 0x02, 0xae, 0x7e, 0x80, 0x02, 0x70, 0x7e,
    0x80, 0x02, 0xb0, 0x7e, 0x80, 0x02, 0x72, 0x7e, 0x80, 0x02, 0xb2, 0x7e, 0x80, 0x02, 0x74, 0x7e,
    0x80, 0x02, 0xb4, 0x7e, 0x80, 0x02, 0x76, 0x7e, 0x80, 0x02, 0xb6, 0x7e, 0x80, 0x02, 0x78, 0x7e,
    0x80, 0x02, 0xb8, 0x7e, 0x80, 0x02, 0x7a, 0x7e, 0x80, 0x02, 0xba, 0x7e, 0x80, 0x02, 0x7c, 0x7e,
    0x80, 0x02, 0xbc, 0x7e, 0x80, 0x02, 0x7e, 0x7e, 0x80, 0x02, 0xbe, 0x7e, 0x80, 0x02, 0x80, 0x7e,
    0x80, 0x02, 0xc0, 0x7e, 0x80, 0x02, 0x82, 0x7e, 0x80, 0x02, 0xc2, 0x7e, 0x80, 0x02, 0x84, 0x7e,
    0x80, 0x02, 0xc4, 0x7e, 0x80, 0x02, 0x86, 0x7e, 0x80, 0x02, 0xc6, 0x7e, 0x80, 0x02, 0x88, 0x7e,
    0x80, 0x02, 0xc8, 0x7e, 0x80, 0x02, 0x8a, 0x7e, 0x80, 0x02, 0xca, 0x7e, 0x80, 0x02, 0x8c, 0x7e,
    0x80, 0x02, 0xcc, 0x7e, 0x80, 0x02, 0x8e, 0x7e, 0x80, 0x02, 0xce, 0x7e, 0x80, 0x02, 0x90, 0x7e,
    0x80, 0x02, 0xd0, 0x7e, 0x80, 0x02, 0x92, 0x7e, 0x80, 0x02, 0xd2, 0x7e, 0x80, 0x02, 0x94, 0x7e,
    0x80, 0x02, 0xd4, 0x7e, 0x80, 0x02, 0x96, 0x7e, 0x80, 0x02, 0xd6, 0x7e, 0x84, 0x00, 0x04, 0x20,
    0x08, 0x00, 0x85, 0xd2, 0xa2, 0x04, 0x02, 0x00, 0x8f, 0x00, 0x04, 0x26, 0x03, 0x00, 0x85, 0xd2,
    0x82, 0x04, 0x02, 0x00, 0x03, 0x11, 0x10, 0x68, 0x07, 0xff, 0x3c, 0x92, 0x10, 0x01, 0x00, 0x00,
    0x3c, 0x10, 0x10, 0x68, 0x82, 0x10, 0x10, 0x24, 0x81, 0x00, 0x04, 0x20, 0x09, 0x00, 0x85, 0xd2,
    0xa2, 0x04, 0x02, 0x00, 0x81, 0x00, 0x06, 0x26, 0x03, 0x13, 0x12, 0x68, 0x07, 0x81, 0x3c, 0x8f,
    0x3c, 0x88, 0x3c, 0x92, 0x07, 0x81, 0x3d, 0x86, 0x3d, 0x82, 0x3d, 0x92, 0x3d, 0x3c, 0x3c, 0x80,
    0x82, 0x3c, 0x3c, 0x92, 0x3c, 0x12, 0x12, 0x68, 0x82, 0x12, 0x12, 0x24, 0x78, 0x0f, 0x8c, 0xbf,
    0x00, 0x00, 0x8a, 0xbf, 0x00, 0x00, 0xfe, 0xd9, 0x06, 0x00, 0x00, 0x6c, 0x40, 0x00, 0xfe, 0xd9,
    0x06, 0x00, 0x00, 0x70, 0x00, 0x02, 0xfe, 0xd9, 0x06, 0x00, 0x00, 0x74, 0x40, 0x02, 0xfe, 0xd9,
    0x06, 0x00, 0x00, 0x78, 0x07, 0x82, 0x04, 0xbf, 0xfd, 0x06, 0x84, 0xbf, 0x76, 0x00, 0x8c, 0xbf,
    0x00, 0x00, 0x8a, 0xbf, 0x00, 0x60, 0xac, 0xd3, 0x15, 0x27, 0x02, 0x00, 0x2c, 0x0c, 0xad, 0xd3,
    0x00, 0xd9, 0xb2, 0x8c, 0x00, 0x70, 0xac, 0xd3, 0x15, 0x27, 0x02, 0x00, 0x3c, 0x0c, 0xad, 0xd3,
    0x00, 0xe9, 0xf2, 0x8c, 0x00, 0x10, 0x5c, 0xe0, 0x24, 0x20, 0x97, 0x80, 0x00, 0x10, 0x5d, 0xe0,
    0x23, 0x00, 0x05, 0x80, 0x80, 0x32, 0x7c, 0x80, 0x00, 0x68, 0xac, 0xd3, 0x15, 0x27, 0x02, 0x00,
    0x30, 0x0c, 0xad, 0xd3, 0x04, 0xd9, 0xc2, 0x8c, 0x00, 0x78, 0xac, 0xd3, 0x15, 0x27, 0x02, 0x00,
    0x40, 0x0c, 0xad, 0xd3, 0x04, 0xe9, 0x02, 0x8d, 0x00, 0x10, 0x5c, 0xe0, 0x25, 0x24, 0x97, 0x80,
    0x00, 0x10, 0x50, 0xe0, 0x0c, 0x14, 0x07, 0x80, 0x00, 0x10, 0x50, 0xe0, 0x11, 0x19, 0x08, 0x80,
    0x00, 0x10, 0x50, 0xe0, 0x12, 0x1a, 0x08, 0x80, 0x7a, 0x0f, 0x8c, 0xbf, 0x00, 0x60, 0xac, 0xd3,
    0x16, 0x27, 0x02, 0x00, 0x34, 0x0c, 0xad, 0xd3, 0x08, 0xd9, 0xd2, 0x8c, 0x00, 0x70, 0xac, 0xd3,
    0x16, 0x27, 0x02, 0x00, 0x44, 0x0c, 0xad, 0xd3, 0x08, 0xe9, 0x12, 0x8d, 0x00, 0x10, 0x5c, 0xe0,
    0x26, 0x28, 0x97, 0x80, 0x00, 0x68, 0xac, 0xd3, 0x16, 0x27, 0x02, 0x00, 0x38, 0x0c, 0xad, 0xd3,
    0x0c, 0xd9, 0xe2, 0x8c, 0x00, 0x78, 0xac, 0xd3, 0x16, 0x27, 0x02, 0x00, 0x48, 0x0c, 0xad, 0xd3,
    0x0c, 0xe9, 0x22, 0x8d, 0x00, 0x10, 0x5c, 0xe0, 0x27, 0x2c, 0x97, 0x80, 0x00, 0x00, 0x80, 0xbf,
    0x7a, 0x0f, 0x8c, 0xbf, 0x00, 0x60, 0xac, 0xd3, 0x15, 0x27, 0x02, 0x18, 0x2c, 0x0c, 0xad, 0xd3,
    0x10, 0xe1, 0xb2, 0x8c, 0x00, 0x70, 0xac, 0xd3, 0x15, 0x27, 0x02, 0x18, 0x3c, 0x0c, 0xad, 0xd3,
    0x10, 0xf1, 0xf2, 0x8c, 0x00, 0x14, 0x5c, 0xe0, 0x24, 0x30, 0x97, 0x80, 0x00, 0x68, 0xac, 0xd3,
    0x15, 0x27, 0x02, 0x18, 0x30, 0x0c, 0xad, 0xd3, 0x14, 0xe1, 0xc2, 0x8c, 0x00, 0x78, 0xac, 0xd3,
    0x15, 0x27, 0x02, 0x18, 0x40, 0x0c, 0xad, 0xd3, 0x14, 0xf1, 0x02, 0x8d, 0x00, 0x14, 0x5c, 0xe0,
    0x25, 0x34, 0x97, 0x80, 0x7a, 0x0f, 0x8c, 0xbf, 0x00, 0x60, 0xac, 0xd3, 0x16, 0x27, 0x02, 0x18,
    0x34, 0x0c, 0xad, 0xd3, 0x18, 0xe1, 0xd2, 0x8c, 0x00, 0x70, 0xac, 0xd3, 0x16, 0x27, 0x02, 0x18,
    0x44, 0x0c, 0xad, 0xd3, 0x18, 0xf1, 0x12, 0x8d, 0x00, 0x14, 0x5c, 0xe0, 0x26, 0x38, 0x97, 0x80,
    0x00, 0x68, 0xac, 0xd3, 0x16, 0x27, 0x02, 0x18, 0x38, 0x0c, 0xad, 0xd3, 0x1c, 0xe1, 0xe2, 0x8c,
    0x00, 0x78, 0xac, 0xd3, 0x16, 0x27, 0x02, 0x18, 0x48, 0x0c, 0xad, 0xd3, 0x1c, 0xf1, 0x22, 0x8d,
    0x00, 0x14, 0x5c, 0xe0, 0x27, 0x3c, 0x97, 0x80, 0xff, 0x50, 0x3c, 0x80, 0x00, 0x01, 0x00, 0x00,
    0x3c, 0x51, 0x0a, 0xbf, 0x04, 0x80, 0x04, 0x85, 0x04, 0x20, 0x20, 0x80, 0x80, 0x21, 0x21, 0x82,
    0x76, 0x0f, 0x8c, 0xbf, 0x00, 0x00, 0x8a, 0xbf, 0x00, 0x60, 0xac, 0xd3, 0x19, 0x27, 0x02, 0x00,
    0x4c, 0x0c, 0xad, 0xd3, 0x20, 0xd9, 0x32, 0x8d, 0x00, 0x70, 0xac, 0xd3, 0x19, 0x27, 0x02, 0x00,
    0x5c, 0x0c, 0xad, 0xd3, 0x20, 0xe9, 0x72, 0x8d, 0x00, 0x10, 0x5c, 0xe0, 0x24, 0x00, 0x86, 0x80,
    0x00, 0x10, 0x50, 0xe0, 0x0f, 0x17, 0x08, 0x80, 0x00, 0x10, 0x50, 0xe0, 0x10, 0x18, 0x08, 0x80,
    0x00, 0x68, 0xac, 0xd3, 0x19, 0x27, 0x02, 0x00, 0x50, 0x0c, 0xad, 0xd3, 0x24, 0xd9, 0x42, 0x8d,
    0x00, 0x78, 0xac, 0xd3, 0x19, 0x27, 0x02, 0x00, 0x60, 0x0c, 0xad, 0xd3, 0x24, 0xe9, 0x82, 0x8d,
    0x00, 0x10, 0x5c, 0xe0, 0x25, 0x04, 0x86, 0x80, 0x78, 0x0f, 0x8c, 0xbf, 0x00, 0x60, 0xac, 0xd3,
    0x1a, 0x27, 0x02, 0x00, 0x54, 0x0c, 0xad, 0xd3, 0x28, 0xd9, 0x52, 0x8d, 0x00, 0x70, 0xac, 0xd3,
    0x1a, 0x27, 0x02, 0x00, 0x64, 0x0c, 0xad, 0xd3, 0x28, 0xe9, 0x92, 0x8d, 0x00, 0x10, 0x5c, 0xe0,
    0x26, 0x08, 0x86, 0x80, 0x00, 0x68, 0xac, 0xd3, 0x1a, 0x27, 0x02, 0x00, 0x58, 0x0c, 0xad, 0xd3,
    0x2c, 0xd9, 0x62, 0x8d, 0x00, 0x78, 0xac, 0xd3, 0x1a, 0x27, 0x02, 0x00, 0x68, 0x0c, 0xad, 0xd3,
    0x2c, 0xe9, 0xa2, 0x8d, 0x00, 0x10, 0x5c, 0xe0, 0x27, 0x0c, 0x86, 0x80, 0x78, 0x0f, 0x8c, 0xbf,
    0x00, 0x60, 0xac, 0xd3, 0x19, 0x27, 0x02, 0x18, 0x4c, 0x0c, 0xad, 0xd3, 0x30, 0xe1, 0x32, 0x8d,
    0x80, 0x10, 0xfe, 0xd9, 0x06, 0x00, 0x00, 0x7c, 0xc0, 0x10, 0xfe, 0xd9, 0x06, 0x00, 0x00, 0x80,
    0x00, 0x70, 0xac, 0xd3, 0x19, 0x27, 0x02, 0x18, 0x5c, 0x0c, 0xad, 0xd3, 0x30, 0xf1, 0x72, 0x8d,
    0x00, 0x14, 0x5c, 0xe0, 0x24, 0x10, 0x86, 0x80, 0x00, 0x68, 0xac, 0xd3, 0x19, 0x27, 0x02, 0x18,
    0x50, 0x0c, 0xad, 0xd3, 0x34, 0xe1, 0x42, 0x8d, 0x80, 0x12, 0xfe, 0xd9, 0x06, 0x00, 0x00, 0x84,
    0xc0, 0x12, 0xfe, 0xd9, 0x06, 0x00, 0x00, 0x88, 0x00, 0x78, 0xac, 0xd3, 0x19, 0x27, 0x02, 0x18,
    0x60, 0x0c, 0xad, 0xd3, 0x34, 0xf1, 0x82, 0x8d, 0x00, 0x14, 0x5c, 0xe0, 0x25, 0x14, 0x86, 0x80,
    0x78, 0x0f, 0x8c, 0xbf, 0x00, 0x60, 0xac, 0xd3, 0x1a, 0x27, 0x02, 0x18, 0x54, 0x0c, 0xad, 0xd3,
    0x38, 0xe1, 0x52, 0x8d, 0x00, 0x70, 0xac, 0xd3, 0x1a, 0x27, 0x02, 0x18, 0x64, 0x0c, 0xad, 0xd3,
    0x38, 0xf1, 0x92, 0x8d, 0x00, 0x14, 0x5c, 0xe0, 0x26, 0x18, 0x86, 0x80, 0x00, 0x68, 0xac, 0xd3,
    0x1a, 0x27, 0x02, 0x18, 0x58, 0x0c, 0xad, 0xd3, 0x3c, 0xe1, 0x62, 0x8d, 0x00, 0x78, 0xac, 0xd3,
    0x1a, 0x27, 0x02, 0x18, 0x68, 0x0c, 0xad, 0xd3, 0x3c, 0xf1, 0xa2, 0x8d, 0x00, 0x14, 0x5c, 0xe0,
    0x27, 0x1c, 0x86, 0x80, 0xff, 0x50, 0x3c, 0x80, 0x00, 0x02, 0x00, 0x00, 0x3c, 0x51, 0x0a, 0xbf,
    0x39, 0x80, 0x39, 0x85, 0x03, 0x80, 0x03, 0x85, 0xff, 0x50, 0x3c, 0x80, 0x00, 0x02, 0x00, 0x00,
    0x3c, 0x51, 0x0a, 0xbf, 0x3a, 0x80, 0x3a, 0x85, 0x39, 0x14, 0x14, 0x80, 0x80, 0x15, 0x15, 0x82,
    0x03, 0x1c, 0x1c, 0x80, 0x80, 0x1d, 0x1d, 0x82, 0x3a, 0x18, 0x18, 0x80, 0x80, 0x19, 0x19, 0x82,
    0x5a, 0x5c, 0x5c, 0x80, 0x80, 0x5d, 0x5d, 0x82, 0x00, 0x01, 0x50, 0xb7, 0x50, 0x51, 0x04, 0xbf,
    0xdb, 0x00, 0x84, 0xbf, 0x76, 0x00, 0x8c, 0xbf, 0x00, 0x00, 0x8a, 0xbf, 0x00, 0x60, 0xac, 0xd3,
    0x17, 0x29, 0x02, 0x00, 0x2c, 0x0c, 0xad, 0xd3, 0x00, 0xf9, 0xb2, 0x8c, 0x00, 0x70, 0xac, 0xd3,
    0x17, 0x29, 0x02, 0x00, 0x3c, 0x0c, 0xad, 0xd3, 0x00, 0x09, 0xf3, 0x8c, 0x00, 0x10, 0x5c, 0xe0,
    0x24, 0x20, 0x97, 0x80, 0x00, 0x10, 0x5d, 0xe0, 0x23, 0x00, 0x05, 0x80, 0x80, 0x33, 0x7c, 0x80,
    0x00, 0x68, 0xac, 0xd3, 0x17, 0x29, 0x02, 0x00, 0x30, 0x0c, 0xad, 0xd3, 0x04, 0xf9, 0xc2, 0x8c,
    0x00, 0x78, 0xac, 0xd3, 0x17, 0x29, 0x02, 0x00, 0x40, 0x0c, 0xad, 0xd3, 0x04, 0x09, 0x03, 0x8d,
    0x00, 0x10, 0x5c, 0xe0, 0x25, 0x24, 0x97, 0x80, 0x00, 0x10, 0x50, 0xe0, 0x0c, 0x13, 0x07, 0x80,
    0x00, 0x10, 0x50, 0xe0, 0x11, 0x1b, 0x08, 0x80, 0x00, 0x10, 0x50, 0xe0, 0x12, 0x1c, 0x08, 0x80,
    0x7a, 0x0f, 0x8c, 0xbf, 0x00, 0x60, 0xac, 0xd3, 0x18, 0x29, 0x02, 0x00, 0x34, 0x0c, 0xad, 0xd3,
    0x08, 0xf9, 0xd2, 0x8c, 0x00, 0x70, 0xac, 0xd3, 0x18, 0x29, 0x02, 0x00, 0x44, 0x0c, 0xad, 0xd3,
    0x08, 0x09, 0x13, 0x8d, 0x00, 0x10, 0x5c, 0xe0, 0x26, 0x28, 0x97, 0x80, 0x00, 0x68, 0xac, 0xd3,
    0x18, 0x29, 0x02, 0x00, 0x38, 0x0c, 0xad, 0xd3, 0x0c, 0xf9, 0xe2, 0x8c, 0x00, 0x78, 0xac, 0xd3,
    0x18, 0x29, 0x02, 0x00, 0x48, 0x0c, 0xad, 0xd3, 0x0c, 0x09, 0x23, 0x8d, 0x00, 0x10, 0x5c, 0xe0,
    0x27, 0x2c, 0x97, 0x80, 0x00, 0x00, 0x80, 0xbf, 0x7a, 0x0f, 0x8c, 0xbf, 0x00, 0x60, 0xac, 0xd3,
    0x17, 0x29, 0x02, 0x18, 0x2c, 0x0c, 0xad, 0xd3, 0x10, 0x01, 0xb3, 0x8c, 0x00, 0x70, 0xac, 0xd3,
    0x17, 0x29, 0x02, 0x18, 0x3c, 0x0c, 0xad, 0xd3, 0x10, 0x11, 0xf3, 0x8c, 0x00, 0x14, 0x5c, 0xe0,
    0x24, 0x30, 0x97, 0x80, 0x00, 0x68, 0xac, 0xd3, 0x17, 0x29, 0x02, 0x18, 0x30, 0x0c, 0xad, 0xd3,
    0x14, 0x01, 0xc3, 0x8c, 0x00, 0x78, 0xac, 0xd3, 0x17, 0x29, 0x02, 0x18, 0x40, 0x0c, 0xad, 0xd3,
    0x14, 0x11, 0x03, 0x8d, 0x00, 0x14, 0x5c, 0xe0, 0x25, 0x34, 0x97, 0x80, 0x7a, 0x0f, 0x8c, 0xbf,
    0x00, 0x60, 0xac, 0xd3, 0x18, 0x29, 0x02, 0x18, 0x34, 0x0c, 0xad, 0xd3, 0x18, 0x01, 0xd3, 0x8c,
    0x00, 0x70, 0xac, 0xd3, 0x18, 0x29, 0x02, 0x18, 0x44, 0x0c, 0xad, 0xd3, 0x18, 0x11, 0x13, 0x8d,
    0x00, 0x14, 0x5c, 0xe0, 0x26, 0x38, 0x97, 0x80, 0x00, 0x68, 0xac, 0xd3, 0x18, 0x29, 0x02, 0x18,
    0x38, 0x0c, 0xad, 0xd3, 0x1c, 0x01, 0xe3, 0x8c, 0x00, 0x78, 0xac, 0xd3, 0x18, 0x29, 0x02, 0x18,
    0x48, 0x0c, 0xad, 0xd3, 0x1c, 0x11, 0x23, 0x8d, 0x00, 0x14, 0x5c, 0xe0, 0x27, 0x3c, 0x97, 0x80,
    0xff, 0x50, 0x3c, 0x80, 0x00, 0x01, 0x00, 0x00, 0x3c, 0x51, 0x0a, 0xbf, 0x04, 0x80, 0x04, 0x85,
    0x04, 0x20, 0x20, 0x80, 0x80, 0x21, 0x21, 0x82, 0x76, 0x0f, 0x8c, 0xbf, 0x00, 0x00, 0x8a, 0xbf,
    0x00, 0x60, 0xac, 0xd3, 0x1b, 0x29, 0x02, 0x00, 0x4c, 0x0c, 0xad, 0xd3, 0x20, 0xf9, 0x32, 0x8d,
    0x00, 0x70, 0xac, 0xd3, 0x1b, 0x29, 0x02, 0x00, 0x5c, 0x0c, 0xad, 0xd3, 0x20, 0x09, 0x73, 0x8d,
    0x00, 0x10, 0x5c, 0xe0, 0x24, 0x00, 0x86, 0x80, 0x00, 0x10, 0x50, 0xe0, 0x0f, 0x15, 0x08, 0x80,
    0x00, 0x10, 0x50, 0xe0, 0x10, 0x16, 0x08, 0x80, 0x00, 0x68, 0xac, 0xd3, 0x1b, 0x29, 0x02, 0x00,
    0x50, 0x0c, 0xad, 0xd3, 0x24, 0xf9, 0x42, 0x8d, 0x00, 0x78, 0xac, 0xd3, 0x1b, 0x29, 0x02, 0x00,
    0x60, 0x0c, 0xad, 0xd3, 0x24, 0x09, 0x83, 0x8d, 0x00, 0x10, 0x5c, 0xe0, 0x25, 0x04, 0x86, 0x80,
    0x78, 0x0f, 0x8c, 0xbf, 0x00, 0x60, 0xac, 0xd3, 0x1c, 0x29, 0x02, 0x00, 0x54, 0x0c, 0xad, 0xd3,
    0x28, 0xf9, 0x52, 0x8d, 0x00, 0x70, 0xac, 0xd3, 0x1c, 0x29, 0x02, 0x00, 0x64, 0x0c, 0xad, 0xd3,
    0x28, 0x09, 0x93, 0x8d, 0x00, 0x10, 0x5c, 0xe0, 0x26, 0x08, 0x86, 0x80, 0x00, 0x68, 0xac, 0xd3,
    0x1c, 0x29, 0x02, 0x00, 0x58, 0x0c, 0xad, 0xd3, 0x2c, 0xf9, 0x62, 0x8d, 0x00, 0x78, 0xac, 0xd3,
    0x1c, 0x29, 0x02, 0x00, 0x68, 0x0c, 0xad, 0xd3, 0x2c, 0x09, 0xa3, 0x8d, 0x00, 0x10, 0x5c, 0xe0,
    0x27, 0x0c, 0x86, 0x80, 0x78, 0x0f, 0x8c, 0xbf, 0x00, 0x60, 0xac, 0xd3, 0x1b, 0x29, 0x02, 0x18,
    0x4c, 0x0c, 0xad, 0xd3, 0x30, 0x01, 0x33, 0x8d, 0x00, 0x00, 0xfe, 0xd9, 0x06, 0x00, 0x00, 0x6c,
    0x40, 0x00, 0xfe, 0xd9, 0x06, 0x00, 0x00, 0x70, 0x00, 0x70, 0xac, 0xd3, 0x1b, 0x29, 0x02, 0x18,
    0x5c, 0x0c, 0xad, 0xd3, 0x30, 0x11, 0x73, 0x8d, 0x00, 0x14, 0x5c, 0xe0, 0x24, 0x10, 0x86, 0x80,
    0x00, 0x68, 0xac, 0xd3, 0x1b, 0x29, 0x02, 0x18, 0x50, 0x0c, 0xad, 0xd3, 0x34, 0x01, 0x43, 0x8d,
    0x00, 0x02, 0xfe, 0xd9, 0x06, 0x00, 0x00, 0x74, 0x40, 0x02, 0xfe, 0xd9, 0x06, 0x00, 0x00, 0x78,
    0x00, 0x18, 0xac, 0xd3, 0x1b, 0x29, 0x02, 0x18, 0x60, 0x0c, 0xad, 0xd3, 0x34, 0x11, 0x83, 0x8d,
    0x00, 0x14, 0x5c, 0xe0, 0x25, 0x14, 0x86, 0x80, 0x78, 0x0f, 0x8c, 0xbf, 0x00, 0x00, 0xac, 0xd3,
    0x1c, 0x29, 0x02, 0x18, 0x54, 0x0c, 0xad, 0xd3, 0x38, 0x01, 0x53, 0x8d, 0x00, 0x10, 0xac, 0xd3,
    0x1c, 0x29, 0x02, 0x18, 0x64, 0x0c, 0xad, 0xd3, 0x38, 0x11, 0x93, 0x8d, 0x00, 0x14, 0x5c, 0xe0,
    0x26, 0x18, 0x86, 0x80, 0x00, 0x68, 0xac, 0xd3, 0x1c, 0x29, 0x02, 0x18, 0x58, 0x0c, 0xad, 0xd3,
    0x3c, 0x01, 0x63, 0x8d, 0x00, 0x18, 0xac, 0xd3, 0x1c, 0x29, 0x02, 0x18, 0x68, 0x0c, 0xad, 0xd3,
    0x3c, 0x11, 0xa3, 0x8d, 0x00, 0x14, 0x5c, 0xe0, 0x27, 0x1c, 0x86, 0x80, 0xff, 0x50, 0x3c, 0x80,
    0x00, 0x02, 0x00, 0x00, 0x3c, 0x51, 0x0a, 0xbf, 0x39, 0x80, 0x39, 0x85, 0x03, 0x80, 0x03, 0x85,
    0xff, 0x50, 0x3c, 0x80, 0x00, 0x02, 0x00, 0x00, 0x3c, 0x51, 0x0a, 0xbf, 0x3a, 0x80, 0x3a, 0x85,
    0x39, 0x14, 0x14, 0x80, 0x80, 0x15, 0x15, 0x82, 0x03, 0x1c, 0x1c, 0x80, 0x80, 0x1d, 0x1d, 0x82,
    0x3a, 0x18, 0x18, 0x80, 0x80, 0x19, 0x19, 0x82, 0x5a, 0x5c, 0x5c, 0x80, 0x80, 0x5d, 0x5d, 0x82,
    0x00, 0x01, 0x50, 0xb7, 0x50, 0x51, 0x04, 0xbf, 0x01, 0x00, 0x84, 0xbf, 0x4b, 0xfe, 0x82, 0xbf,
    0xc1, 0x00, 0xa4, 0xbe, 0xc1, 0x00, 0xa5, 0xbe, 0x80, 0x01, 0xbc, 0xbe, 0x52, 0x42, 0x0a, 0xbf,
    0x24, 0x3c, 0x94, 0x85, 0x53, 0x42, 0x0a, 0xbf, 0x24, 0x3c, 0x96, 0x85, 0x54, 0x42, 0x0a, 0xbf,
    0x24, 0x3c, 0x98, 0x85, 0x55, 0x42, 0x0a, 0xbf, 0x24, 0x3c, 0x9a, 0x85, 0x56, 0x42, 0x0a, 0xbf,
    0x24, 0x3c, 0x9c, 0x85, 0x57, 0x42, 0x0a, 0xbf, 0x24, 0x3c, 0x9e, 0x85, 0x58, 0x42, 0x0a, 0xbf,
    0x24, 0x3c, 0xa0, 0x85, 0x59, 0x42, 0x0a, 0xbf, 0x24, 0x3c, 0xa2, 0x85, 0xff, 0x02, 0x02, 0x7e,
    0x31, 0x42, 0xcc, 0xbf, 0x76, 0x0f, 0x8c, 0xbf, 0x00, 0x10, 0x5c, 0xe0, 0x28, 0x00, 0x83, 0x80,
    0x02, 0x00, 0x05, 0xd1, 0x2c, 0x0d, 0x00, 0x20, 0x03, 0x00, 0x05, 0xd1, 0x2d, 0x0d, 0x00, 0x20,
    0x04, 0x00, 0x05, 0xd1, 0x2e, 0x0d, 0x00, 0x20, 0x05, 0x00, 0x05, 0xd1, 0x2f, 0x0d, 0x00, 0x20,
    0x02, 0x41, 0x04, 0x7e, 0x03, 0x41, 0x06, 0x7e, 0x04, 0x41, 0x08, 0x7e, 0x05, 0x41, 0x0a, 0x7e,
    0x00, 0x10, 0x5c, 0xe0, 0x29, 0x04, 0x83, 0x80, 0x02, 0x00, 0x01, 0xd1, 0x02, 0xe5, 0x01, 0x00,
    0x03, 0x00, 0x01, 0xd1, 0x03, 0xe5, 0x01, 0x00, 0x04, 0x00, 0x01, 0xd1, 0x04, 0xe5, 0x01, 0x00,
    0x05, 0x00, 0x01, 0xd1, 0x05, 0xe5, 0x01, 0x00, 0x02, 0x45, 0x04, 0x7e, 0x03, 0x45, 0x06, 0x7e,
    0x04, 0x45, 0x08, 0x7e, 0x05, 0x45, 0x0a, 0x7e, 0x2c, 0x05, 0x58, 0x0a, 0x2d, 0x07, 0x5a, 0x0a,
    0x2e, 0x09, 0x5c, 0x0a, 0x2f, 0x0b, 0x5e, 0x0a, 0x2c, 0x99, 0x58, 0x0a, 0x2d, 0x9b, 0x5a, 0x0a,
    0x2e, 0x9d, 0x5c, 0x0a, 0x2f, 0x9f, 0x5e, 0x0a, 0x76, 0x0f, 0x8c, 0xbf, 0x00, 0x10, 0x5c, 0xe0,
    0x2a, 0x08, 0x83, 0x80, 0x02, 0x00, 0x05, 0xd1, 0x30, 0x0d, 0x00, 0x20, 0x03, 0x00, 0x05, 0xd1,
    0x31, 0x0d, 0x00, 0x20, 0x04, 0x00, 0x05, 0xd1, 0x32, 0x0d, 0x00, 0x20, 0x05, 0x00, 0x05, 0xd1,
    0x33, 0x0d, 0x00, 0x20, 0x02, 0x41, 0x04, 0x7e, 0x03, 0x41, 0x06, 0x7e, 0x04, 0x41, 0x08, 0x7e,
    0x05, 0x41, 0x0a, 0x7e, 0x00, 0x10, 0x5c, 0xe0, 0x2b, 0x0c, 0x83, 0x80, 0x02, 0x00, 0x01, 0xd1,
    0x02, 0xe5, 0x01, 0x00, 0x03, 0x00, 0x01, 0xd1, 0x03, 0xe5, 0x01, 0x00, 0x04, 0x00, 0x01, 0xd1,
    0x04, 0xe5, 0x01, 0x00, 0x05, 0x00, 0x01, 0xd1, 0x05, 0xe5, 0x01, 0x00, 0x02, 0x45, 0x04, 0x7e,
    0x03, 0x45, 0x06, 0x7e, 0x04, 0x45, 0x08, 0x7e, 0x05, 0x45, 0x0a, 0x7e, 0x30, 0x05, 0x60, 0x0a,
    0x31, 0x07, 0x62, 0x0a, 0x32, 0x09, 0x64, 0x0a, 0x33, 0x0b, 0x66, 0x0a, 0x30, 0xa1, 0x60, 0x0a,
    0x31, 0xa3, 0x62, 0x0a, 0x32, 0xa5, 0x64, 0x0a, 0x33, 0xa7, 0x66, 0x0a, 0x76, 0x0f, 0x8c, 0xbf,
    0x00, 0x14, 0x5c, 0xe0, 0x28, 0x10, 0x83, 0x80, 0x02, 0x00, 0x05, 0xd1, 0x34, 0x0d, 0x00, 0x20,
    0x03, 0x00, 0x05, 0xd1, 0x35, 0x0d, 0x00, 0x20, 0x04, 0x00, 0x05, 0xd1, 0x36, 0x0d, 0x00, 0x20,
    0x05, 0x00, 0x05, 0xd1, 0x37, 0x0d, 0x00, 0x20, 0x02, 0x41, 0x04, 0x7e, 0x03, 0x41, 0x06, 0x7e,
    0x04, 0x41, 0x08, 0x7e, 0x05, 0x41, 0x0a, 0x7e, 0x00, 0x14, 0x5c, 0xe0, 0x29, 0x14, 0x83, 0x80,
    0x02, 0x00, 0x01, 0xd1, 0x02, 0xe5, 0x01, 0x00, 0x03, 0x00, 0x01, 0xd1, 0x03, 0xe5, 0x01, 0x00,
    0x04, 0x00, 0x01, 0xd1, 0x04, 0xe5, 0x01, 0x00, 0x05, 0x00, 0x01, 0xd1, 0x05, 0xe5, 0x01, 0x00,
    0x02, 0x45, 0x04, 0x7e, 0x03, 0x45, 0x06, 0x7e, 0x04, 0x45, 0x08, 0x7e, 0x05, 0x45, 0x0a, 0x7e,
    0x34, 0x05, 0x68, 0x0a, 0x35, 0x07, 0x6a, 0x0a, 0x36, 0x09, 0x6c, 0x0a, 0x37, 0x0b, 0x6e, 0x0a,
    0x34, 0xa9, 0x68, 0x0a, 0x35, 0xab, 0x6a, 0x0a, 0x36, 0xad, 0x6c, 0x0a, 0x37, 0xaf, 0x6e, 0x0a,
    0x76, 0x0f, 0x8c, 0xbf, 0x00, 0x14, 0x5c, 0xe0, 0x2a, 0x18, 0x83, 0x80, 0x02, 0x00, 0x05, 0xd1,
    0x38, 0x0d, 0x00, 0x20, 0x03, 0x00, 0x05, 0xd1, 0x39, 0x0d, 0x00, 0x20, 0x04, 0x00, 0x05, 0xd1,
    0x3a, 0x0d, 0x00, 0x20, 0x05, 0x00, 0x05, 0xd1, 0x3b, 0x0d, 0x00, 0x20, 0x02, 0x41, 0x04, 0x7e,
    0x03, 0x41, 0x06, 0x7e, 0x04, 0x41, 0x08, 0x7e, 0x05, 0x41, 0x0a, 0x7e, 0x00, 0x14, 0x5c, 0xe0,
    0x2b, 0x1c, 0x83, 0x80, 0x02, 0x00, 0x01, 0xd1, 0x02, 0xe5, 0x01, 0x00, 0x03, 0x00, 0x01, 0xd1,
    0x03, 0xe5, 0x01, 0x00, 0x04, 0x00, 0x01, 0xd1, 0x04, 0xe5, 0x01, 0x00, 0x05, 0x00, 0x01, 0xd1,
    0x05, 0xe5, 0x01, 0x00, 0x02, 0x45, 0x04, 0x7e, 0x03, 0x45, 0x06, 0x7e, 0x04, 0x45, 0x08, 0x7e,
    0x05, 0x45, 0x0a, 0x7e, 0x38, 0x05, 0x70, 0x0a, 0x39, 0x07, 0x72, 0x0a, 0x3a, 0x09, 0x74, 0x0a,
    0x3b, 0x0b, 0x76, 0x0a, 0x38, 0xb1, 0x70, 0x0a, 0x39, 0xb3, 0x72, 0x0a, 0x3a, 0xb5, 0x74, 0x0a,
    0x3b, 0xb7, 0x76, 0x0a, 0x76, 0x0f, 0x8c, 0xbf, 0x02, 0x00, 0x05, 0xd1, 0x3c, 0x0d, 0x00, 0x20,
    0x03, 0x00, 0x05, 0xd1, 0x3d, 0x0d, 0x00, 0x20, 0x04, 0x00, 0x05, 0xd1, 0x3e, 0x0d, 0x00, 0x20,
    0x05, 0x00, 0x05, 0xd1, 0x3f, 0x0d, 0x00, 0x20, 0x02, 0x41, 0x04, 0x7e, 0x03, 0x41, 0x06, 0x7e,
    0x04, 0x41, 0x08, 0x7e, 0x05, 0x41, 0x0a, 0x7e, 0x02, 0x00, 0x01, 0xd1, 0x02, 0xe5, 0x01, 0x00,
    0x03, 0x00, 0x01, 0xd1, 0x03, 0xe5, 0x01, 0x00, 0x04, 0x00, 0x01, 0xd1, 0x04, 0xe5, 0x01, 0x00,
    0x05, 0x00, 0x01, 0xd1, 0x05, 0xe5, 0x01, 0x00, 0x02, 0x45, 0x04, 0x7e, 0x03, 0x45, 0x06, 0x7e,
    0x04, 0x45, 0x08, 0x7e, 0x05, 0x45, 0x0a, 0x7e, 0x3c, 0x05, 0x78, 0x0a, 0x3d, 0x07, 0x7a, 0x0a,
    0x3e, 0x09, 0x7c, 0x0a, 0x3f, 0x0b, 0x7e, 0x0a, 0x3c, 0xb9, 0x78, 0x0a, 0x3d, 0xbb, 0x7a, 0x0a,
    0x3e, 0xbd, 0x7c, 0x0a, 0x3f, 0xbf, 0x7e, 0x0a, 0x76, 0x0f, 0x8c, 0xbf, 0x02, 0x00, 0x05, 0xd1,
    0x40, 0x0d, 0x00, 0x20, 0x03, 0x00, 0x05, 0xd1, 0x41, 0x0d, 0x00, 0x20, 0x04, 0x00, 0x05, 0xd1,
    0x42, 0x0d, 0x00, 0x20, 0x05, 0x00, 0x05, 0xd1, 0x43, 0x0d, 0x00, 0x20, 0x02, 0x41, 0x04, 0x7e,
    0x03, 0x41, 0x06, 0x7e, 0x04, 0x41, 0x08, 0x7e, 0x05, 0x41, 0x0a, 0x7e, 0x02, 0x00, 0x01, 0xd1,
    0x02, 0xe5, 0x01, 0x00, 0x03, 0x00, 0x01, 0xd1, 0x03, 0xe5, 0x01, 0x00, 0x04, 0x00, 0x01, 0xd1,
    0x04, 0xe5, 0x01, 0x00, 0x05, 0x00, 0x01, 0xd1, 0x05, 0xe5, 0x01, 0x00, 0x02, 0x45, 0x04, 0x7e,
    0x03, 0x45, 0x06, 0x7e, 0x04, 0x45, 0x08, 0x7e, 0x05, 0x45, 0x0a, 0x7e, 0x40, 0x05, 0x80, 0x0a,
    0x41, 0x07, 0x82, 0x0a, 0x42, 0x09, 0x84, 0x0a, 0x43, 0x0b, 0x86, 0x0a, 0x40, 0xc1, 0x80, 0x0a,
    0x41, 0xc3, 0x82, 0x0a, 0x42, 0xc5, 0x84, 0x0a, 0x43, 0xc7, 0x86, 0x0a, 0x76, 0x0f, 0x8c, 0xbf,
    0x02, 0x00, 0x05, 0xd1, 0x44, 0x0d, 0x00, 0x20, 0x03, 0x00, 0x05, 0xd1, 0x45, 0x0d, 0x00, 0x20,
    0x04, 0x00, 0x05, 0xd1, 0x46, 0x0d, 0x00, 0x20, 0x05, 0x00, 0x05, 0xd1, 0x47, 0x0d, 0x00, 0x20,
    0x02, 0x41, 0x04, 0x7e, 0x03, 0x41, 0x06, 0x7e, 0x04, 0x41, 0x08, 0x7e, 0x05, 0x41, 0x0a, 0x7e,
    0x02, 0x00, 0x01, 0xd1, 0x02, 0xe5, 0x01, 0x00, 0x03, 0x00, 0x01, 0xd1, 0x03, 0xe5, 0x01, 0x00,
    0x04, 0x00, 0x01, 0xd1, 0x04, 0xe5, 0x01, 0x00, 0x05, 0x00, 0x01, 0xd1, 0x05, 0xe5, 0x01, 0x00,
    0x02, 0x45, 0x04, 0x7e, 0x03, 0x45, 0x06, 0x7e, 0x04, 0x45, 0x08, 0x7e, 0x05, 0x45, 0x0a, 0x7e,
    0x44, 0x05, 0x88, 0x0a, 0x45, 0x07, 0x8a, 0x0a, 0x46, 0x09, 0x8c, 0x0a, 0x47, 0x0b, 0x8e, 0x0a,
    0x44, 0xc9, 0x88, 0x0a, 0x45, 0xcb, 0x8a, 0x0a, 0x46, 0xcd, 0x8c, 0x0a, 0x47, 0xcf, 0x8e, 0x0a,
    0x76, 0x0f, 0x8c, 0xbf, 0x02, 0x00, 0x05, 0xd1, 0x48, 0x0d, 0x00, 0x20, 0x03, 0x00, 0x05, 0xd1,
    0x49, 0x0d, 0x00, 0x20, 0x04, 0x00, 0x05, 0xd1, 0x4a, 0x0d, 0x00, 0x20, 0x05, 0x00, 0x05, 0xd1,
    0x4b, 0x0d, 0x00, 0x20, 0x02, 0x41, 0x04, 0x7e, 0x03, 0x41, 0x06, 0x7e, 0x04, 0x41, 0x08, 0x7e,
    0x05, 0x41, 0x0a, 0x7e, 0x02, 0x00, 0x01, 0xd1, 0x02, 0xe5, 0x01, 0x00, 0x03, 0x00, 0x01, 0xd1,
    0x03, 0xe5, 0x01, 0x00, 0x04, 0x00, 0x01, 0xd1, 0x04, 0xe5, 0x01, 0x00, 0x05, 0x00, 0x01, 0xd1,
    0x05, 0xe5, 0x01, 0x00, 0x02, 0x45, 0x04, 0x7e, 0x03, 0x45, 0x06, 0x7e, 0x04, 0x45, 0x08, 0x7e,
    0x05, 0x45, 0x0a, 0x7e, 0x48, 0x05, 0x90, 0x0a, 0x49, 0x07, 0x92, 0x0a, 0x4a, 0x09, 0x94, 0x0a,
    0x4b, 0x0b, 0x96, 0x0a, 0x48, 0xd1, 0x90, 0x0a, 0x49, 0xd3, 0x92, 0x0a, 0x4a, 0xd5, 0x94, 0x0a,
    0x4b, 0xd7, 0x96, 0x0a, 0x82, 0x00, 0x04, 0x24, 0x52, 0x47, 0x3c, 0x92, 0x5c, 0x00, 0x34, 0xd1,
    0x02, 0x79, 0x00, 0x00, 0x80, 0x02, 0xba, 0x7e, 0x53, 0x47, 0x3c, 0x92, 0x5e, 0x00, 0x34, 0xd1,
    0x02, 0x79, 0x00, 0x00, 0x80, 0x02, 0xbe, 0x7e, 0x54, 0x47, 0x3c, 0x92, 0x60, 0x00, 0x34, 0xd1,
    0x02, 0x79, 0x00, 0x00, 0x80, 0x02, 0xc2, 0x7e, 0x55, 0x47, 0x3c, 0x92, 0x62, 0x00, 0x34, 0xd1,
    0x02, 0x79, 0x00, 0x00, 0x80, 0x02, 0xc6, 0x7e, 0x56, 0x47, 0x3c, 0x92, 0x64, 0x00, 0x34, 0xd1,
    0x02, 0x79, 0x00, 0x00, 0x80, 0x02, 0xca, 0x7e, 0x57, 0x47, 0x3c, 0x92, 0x66, 0x00, 0x34, 0xd1,
    0x02, 0x79, 0x00, 0x00, 0x80, 0x02, 0xce, 0x7e, 0x58, 0x47, 0x3c, 0x92, 0x68, 0x00, 0x34, 0xd1,
    0x02, 0x79, 0x00, 0x00, 0x80, 0x02, 0xd2, 0x7e, 0x59, 0x47, 0x3c, 0x92, 0x6a, 0x00, 0x34, 0xd1,
    0x02, 0x79, 0x00, 0x00, 0x80, 0x02, 0xd6, 0x7e, 0x00, 0x10, 0x50, 0xe0, 0x0a, 0x15, 0x04, 0x80,
    0x00, 0x10, 0x50, 0xe0, 0x0b, 0x16, 0x04, 0x80, 0xff, 0x02, 0x3e, 0x7e, 0xbd, 0x37, 0x86, 0x35,
    0xff, 0x02, 0x40, 0x7e, 0xbd, 0x37, 0x86, 0x35, 0x1f, 0x03, 0xd3, 0xd1, 0x2c, 0x5b, 0x7e, 0x04,
    0x1f, 0x03, 0xd3, 0xd1, 0x2e, 0x5f, 0x7e, 0x04, 0x1f, 0x03, 0xd3, 0xd1, 0x30, 0x63, 0x7e, 0x04,
    0x1f, 0x03, 0xd3, 0xd1, 0x32, 0x67, 0x7e, 0x04, 0x20, 0x03, 0xd3, 0xd1, 0x3c, 0x7b, 0x82, 0x04,
    0x20, 0x03, 0xd3, 0xd1, 0x3e, 0x7f, 0x82, 0x04, 0x20, 0x03, 0xd3, 0xd1, 0x40, 0x83, 0x82, 0x04,
    0x20, 0x03, 0xd3, 0xd1, 0x42, 0x87, 0x82, 0x04, 0x1f, 0x03, 0x04, 0x7e, 0x01, 0x00, 0x80, 0xbf,
    0x1f, 0xb5, 0x04, 0x7e, 0x02, 0x3f, 0x3e, 0x16, 0x1f, 0x03, 0x04, 0x7e, 0x01, 0x00, 0x80, 0xbf,
    0x1f, 0xb3, 0x04, 0x7e, 0x02, 0x3f, 0x3e, 0x16, 0x20, 0x03, 0x04, 0x7e, 0x01, 0x00, 0x80, 0xbf,
    0x20, 0xb5, 0x04, 0x7e, 0x02, 0x41, 0x40, 0x16, 0x20, 0x03, 0x04, 0x7e, 0x01, 0x00, 0x80, 0xbf,
    0x20, 0xb3, 0x04, 0x7e, 0x02, 0x41, 0x40, 0x16, 0xff, 0x02, 0x04, 0x7e, 0x00, 0x00, 0x80, 0x3e,
    0x02, 0x3f, 0x3e, 0x0a, 0x02, 0x41, 0x40, 0x0a, 0xff, 0x02, 0x02, 0x7e, 0x00, 0x00, 0xff, 0x7f,
    0xff, 0x02, 0x0a, 0x7e, 0xff, 0xff, 0xbf, 0x7f, 0x02, 0x00, 0xc8, 0xd1, 0x1f, 0x2d, 0x05, 0x02,
    0x1f, 0x0b, 0x06, 0x26, 0x3c, 0x00, 0xca, 0xd0, 0x03, 0x01, 0x01, 0x00, 0x04, 0x00, 0x00, 0xd1,
    0x81, 0x00, 0xf1, 0x00, 0x04, 0x05, 0x08, 0x26, 0x05, 0x00, 0xc8, 0xd1, 0x1f, 0x2f, 0x21, 0x02,
    0x05, 0x09, 0x0a, 0x68, 0x3c, 0x00, 0x48, 0xd0, 0x1f, 0x3f, 0x02, 0x00, 0x97, 0x0a, 0x3e, 0x24,
    0x1f, 0x00, 0x00, 0xd1, 0x1f, 0x03, 0xf2, 0x00, 0xff, 0x02, 0x0a, 0x7e, 0xff, 0xff, 0xbf, 0x7f,
    0x02, 0x00, 0xc8, 0xd1, 0x20, 0x2d, 0x05, 0x02, 0x20, 0x0b, 0x06, 0x26, 0x3c, 0x00, 0xca, 0xd0,
    0x03, 0x01, 0x01, 0x00, 0x04, 0x00, 0x00, 0xd1, 0x81, 0x00, 0xf1, 0x00, 0x04, 0x05, 0x08, 0x26,
    0x05, 0x00, 0xc8, 0xd1, 0x20, 0x2f, 0x21, 0x02, 0x05, 0x09, 0x0a, 0x68, 0x3c, 0x00, 0x48, 0xd0,
    0x20, 0x41, 0x02, 0x00, 0x97, 0x0a, 0x40, 0x24, 0x20, 0x00, 0x00, 0xd1, 0x20, 0x03, 0xf2, 0x00,
    0xff, 0x00, 0xbc, 0xbe, 0xff, 0xff, 0x00, 0x00, 0x2c, 0x00, 0x3d, 0xd2, 0x2c, 0x5b, 0x7e, 0x04,
    0x2c, 0x20, 0x3d, 0xd2, 0x2e, 0x5f, 0x7e, 0x04, 0x30, 0x00, 0x3d, 0xd2, 0x30, 0x63, 0x7e, 0x04,
    0x30, 0x20, 0x3d, 0xd2, 0x32, 0x67, 0x7e, 0x04, 0x01, 0x00, 0x80, 0xbf, 0x30, 0xb3, 0x58, 0x7e,
    0x01, 0x00, 0x80, 0xbf, 0x2c, 0x00, 0x13, 0xd1, 0x2c, 0x79, 0x00, 0x00, 0x90, 0x60, 0x60, 0x24,
    0x2c, 0x61, 0x58, 0x28, 0x2c, 0x03, 0x60, 0x7e, 0x01, 0x00, 0x80, 0xbf, 0x30, 0xb5, 0x58, 0x7e,
    0x01, 0x00, 0x80, 0xbf, 0x30, 0xb3, 0x58, 0x7e, 0x01, 0x00, 0x80, 0xbf, 0x30, 0xb5, 0x58, 0x7e,
    0x01, 0x00, 0x80, 0xbf, 0x3c, 0x00, 0x3d, 0xd2, 0x3c, 0x7b, 0x82, 0x04, 0x3c, 0x20, 0x3d, 0xd2,
    0x3e, 0x7f, 0x82, 0x04, 0x40, 0x00, 0x3d, 0xd2, 0x40, 0x83, 0x82, 0x04, 0x40, 0x20, 0x3d, 0xd2,
    0x42, 0x87, 0x82, 0x04, 0x01, 0x00, 0x80, 0xbf, 0x40, 0xb3, 0x78, 0x7e, 0x01, 0x00, 0x80, 0xbf,
    0x3c, 0x00, 0x13, 0xd1, 0x3c, 0x79, 0x00, 0x00, 0x90, 0x80, 0x80, 0x24, 0x3c, 0x81, 0x78, 0x28,
    0x3c, 0x03, 0x80, 0x7e, 0x01, 0x00, 0x80, 0xbf, 0x40, 0xb5, 0x78, 0x7e, 0x01, 0x00, 0x80, 0xbf,
    0x40, 0xb3, 0x78, 0x7e, 0x01, 0x00, 0x80, 0xbf, 0x40, 0xb5, 0x78, 0x7e, 0x01, 0x00, 0x80, 0xbf,
    0xff, 0x02, 0x42, 0x7e, 0xbd, 0x37, 0x86, 0x35, 0xff, 0x02, 0x44, 0x7e, 0xbd, 0x37, 0x86, 0x35,
    0x21, 0x03, 0xd3, 0xd1, 0x34, 0x6b, 0x86, 0x04, 0x21, 0x03, 0xd3, 0xd1, 0x36, 0x6f, 0x86, 0x04,
    0x21, 0x03, 0xd3, 0xd1, 0x38, 0x73, 0x86, 0x04, 0x21, 0x03, 0xd3, 0xd1, 0x3a, 0x77, 0x86, 0x04,
    0x22, 0x03, 0xd3, 0xd1, 0x44, 0x8b, 0x8a, 0x04, 0x22, 0x03, 0xd3, 0xd1, 0x46, 0x8f, 0x8a, 0x04,
    0x22, 0x03, 0xd3, 0xd1, 0x48, 0x93, 0x8a, 0x04, 0x22, 0x03, 0xd3, 0xd1, 0x4a, 0x97, 0x8a, 0x04,
    0x21, 0x03, 0x04, 0x7e, 0x01, 0x00, 0x80, 0xbf, 0x21, 0xb5, 0x04, 0x7e, 0x02, 0x43, 0x42, 0x16,
    0x21, 0x03, 0x04, 0x7e, 0x01, 0x00, 0x80, 0xbf, 0x21, 0xb3, 0x04, 0x7e, 0x02, 0x43, 0x42, 0x16,
    0x22, 0x03, 0x04, 0x7e, 0x01, 0x00, 0x80, 0xbf, 0x22, 0xb5, 0x04, 0x7e, 0x02, 0x45, 0x44, 0x16,
    0x22, 0x03, 0x04, 0x7e, 0x01, 0x00, 0x80, 0xbf, 0x22, 0xb3, 0x04, 0x7e, 0x02, 0x45, 0x44, 0x16,
    0xff, 0x02, 0x04, 0x7e, 0x00, 0x00, 0x80, 0x3e, 0x02, 0x43, 0x42, 0x0a, 0x02, 0x45, 0x44, 0x0a,
    0xff, 0x02, 0x02, 0x7e, 0x00, 0x00, 0xff, 0x7f, 0xff, 0x02, 0x0a, 0x7e, 0xff, 0xff, 0xbf, 0x7f,
    0x02, 0x00, 0xc8, 0xd1, 0x21, 0x2d, 0x05, 0x02, 0x21, 0x0b, 0x06, 0x26, 0x3c, 0x00, 0xca, 0xd0,
    0x03, 0x01, 0x01, 0x00, 0x04, 0x00, 0x00, 0xd1, 0x81, 0x00, 0xf1, 0x00, 0x04, 0x05, 0x08, 0x26,
    0x05, 0x00, 0xc8, 0xd1, 0x21, 0x2f, 0x21, 0x02, 0x05, 0x09, 0x0a, 0x68, 0x3c, 0x00, 0x48, 0xd0,
    0x21, 0x43, 0x02, 0x00, 0x97, 0x0a, 0x42, 0x24, 0x21, 0x00, 0x00, 0xd1, 0x21, 0x03, 0xf2, 0x00,
    0xff, 0x02, 0x0a, 0x7e, 0xff, 0xff, 0xbf, 0x7f, 0x02, 0x00, 0xc8, 0xd1, 0x22, 0x2d, 0x05, 0x02,
    0x22, 0x0b, 0x06, 0x26, 0x3c, 0x00, 0xca, 0xd0, 0x03, 0x01, 0x01, 0x00, 0x04, 0x00, 0x00, 0xd1,
    0x81, 0x00, 0xf1, 0x00, 0x04, 0x05, 0x08, 0x26, 0x05, 0x00, 0xc8, 0xd1, 0x22, 0x2f, 0x21, 0x02,
    0x05, 0x09, 0x0a, 0x68, 0x3c, 0x00, 0x48, 0xd0, 0x22, 0x45, 0x02, 0x00, 0x97, 0x0a, 0x44, 0x24,
    0x22, 0x00, 0x00, 0xd1, 0x22, 0x03, 0xf2, 0x00, 0xff, 0x00, 0xbc, 0xbe, 0xff, 0xff, 0x00, 0x00,
    0x34, 0x00, 0x3d, 0xd2, 0x34, 0x6b, 0x86, 0x04, 0x34, 0x20, 0x3d, 0xd2, 0x36, 0x6f, 0x86, 0x04,
    0x38, 0x00, 0x3d, 0xd2, 0x38, 0x73, 0x86, 0x04, 0x38, 0x20, 0x3d, 0xd2, 0x3a, 0x77, 0x86, 0x04,
    0x01, 0x00, 0x80, 0xbf, 0x38, 0xb3, 0x68, 0x7e, 0x01, 0x00, 0x80, 0xbf, 0x34, 0x00, 0x13, 0xd1,
    0x34, 0x79, 0x00, 0x00, 0x90, 0x70, 0x70, 0x24, 0x34, 0x71, 0x68, 0x28, 0x34, 0x03, 0x70, 0x7e,
    0x01, 0x00, 0x80, 0xbf, 0x38, 0xb5, 0x68, 0x7e, 0x01, 0x00, 0x80, 0xbf, 0x38, 0xb3, 0x68, 0x7e,
    0x01, 0x00, 0x80, 0xbf, 0x38, 0xb5, 0x68, 0x7e, 0x01, 0x00, 0x80, 0xbf, 0x44, 0x00, 0x3d, 0xd2,
    0x44, 0x8b, 0x8a, 0x04, 0x44, 0x20, 0x3d, 0xd2, 0x46, 0x8f, 0x8a, 0x04, 0x48, 0x00, 0x3d, 0xd2,
    0x48, 0x93, 0x8a, 0x04, 0x48, 0x20, 0x3d, 0xd2, 0x4a, 0x97, 0x8a, 0x04, 0x01, 0x00, 0x80, 0xbf,
    0x48, 0xb3, 0x88, 0x7e, 0x01, 0x00, 0x80, 0xbf, 0x44, 0x00, 0x13, 0xd1, 0x44, 0x79, 0x00, 0x00,
    0x90, 0x90, 0x90, 0x24, 0x44, 0x91, 0x88, 0x28, 0x44, 0x03, 0x90, 0x7e, 0x01, 0x00, 0x80, 0xbf,
    0x48, 0xb5, 0x88, 0x7e, 0x01, 0x00, 0x80, 0xbf, 0x48, 0xb3, 0x88, 0x7e, 0x01, 0x00, 0x80, 0xbf,
    0x48, 0xb5, 0x88, 0x7e, 0x01, 0x00, 0x80, 0xbf, 0x85, 0x00, 0x04, 0x20, 0x86, 0x04, 0x06, 0x24,
    0x9f, 0x00, 0x04, 0x26, 0x84, 0x04, 0x08, 0x20, 0x04, 0x07, 0x06, 0x68, 0x8f, 0x00, 0x04, 0x26,
    0x81, 0x04, 0x04, 0x24, 0x02, 0x07, 0x06, 0x68, 0x82, 0x06, 0x04, 0x24, 0x80, 0x00, 0xbc, 0xbe,
    0x07, 0x81, 0x3d, 0x8f, 0x3d, 0xff, 0x3d, 0x92, 0x00, 0x02, 0x00, 0x00, 0x3d, 0x3c, 0x3c, 0x80,
    0x07, 0x81, 0x3d, 0x86, 0x3d, 0xff, 0x3d, 0x92, 0x80, 0x00, 0x00, 0x00, 0x3d, 0x3c, 0x3c, 0x80,
    0x02, 0x00, 0x34, 0xd1, 0x02, 0x79, 0x00, 0x00, 0x00, 0x00, 0x1a, 0xd8, 0x02, 0x2c, 0x00, 0x00,
    0x00, 0x04, 0x1a, 0xd8, 0x02, 0x34, 0x00, 0x00, 0x00, 0x08, 0x1a, 0xd8, 0x02, 0x3c, 0x00, 0x00,
    0x00, 0x0c, 0x1a, 0xd8, 0x02, 0x44, 0x00, 0x00, 0x7f, 0xc0, 0x8c, 0xbf, 0x00, 0x00, 0x8a, 0xbf,
    0x9f, 0x00, 0x04, 0x26, 0x84, 0x04, 0x04, 0x20, 0x85, 0x04, 0x06, 0x24, 0x85, 0x00, 0x04, 0x20,
    0x87, 0x04, 0x04, 0x24, 0x02, 0x07, 0x06, 0x68, 0x8f, 0x00, 0x04, 0x26, 0x81, 0x04, 0x04, 0x24,
    0x02, 0x07, 0x06, 0x68, 0x82, 0x06, 0x04, 0x24, 0x00, 0x00, 0xec, 0xd8, 0x02, 0x00, 0x00, 0x2c,
    0x00, 0x01, 0xec, 0xd8, 0x02, 0x00, 0x00, 0x2e, 0x00, 0x04, 0xec, 0xd8, 0x02, 0x00, 0x00, 0x30,
    0x00, 0x05, 0xec, 0xd8, 0x02, 0x00, 0x00, 0x32, 0x00, 0x08, 0xec, 0xd8, 0x02, 0x00, 0x00, 0x34,
    0x00, 0x09, 0xec, 0xd8, 0x02, 0x00, 0x00, 0x36, 0x00, 0x0c, 0xec, 0xd8, 0x02, 0x00, 0x00, 0x38,
    0x00, 0x0d, 0xec, 0xd8, 0x02, 0x00, 0x00, 0x3a, 0x7f, 0xc0, 0x8c, 0xbf, 0x00, 0x00, 0x8a, 0xbf,
    0x85, 0x00, 0x04, 0x20, 0x86, 0x04, 0x06, 0x24, 0x9f, 0x00, 0x04, 0x26, 0x84, 0x04, 0x08, 0x20,
    0x04, 0x07, 0x06, 0x68, 0x8f, 0x00, 0x04, 0x26, 0x81, 0x04, 0x04, 0x24, 0x02, 0x07, 0x06, 0x68,
    0x82, 0x06, 0x04, 0x24, 0x80, 0x00, 0xbc, 0xbe, 0x07, 0x81, 0x3d, 0x8f, 0x3d, 0xff, 0x3d, 0x92,
    0x00, 0x02, 0x00, 0x00, 0x3d, 0x3c, 0x3c, 0x80, 0x07, 0x81, 0x3d, 0x86, 0x3d, 0xff, 0x3d, 0x92,
    0x80, 0x00, 0x00, 0x00, 0x3d, 0x3c, 0x3c, 0x80, 0x02, 0x00, 0x34, 0xd1, 0x02, 0x79, 0x00, 0x00,
    0x00, 0x00, 0x1a, 0xd8, 0x02, 0x1f, 0x00, 0x00, 0x00, 0x04, 0x1a, 0xd8, 0x02, 0x21, 0x00, 0x00,
    0x00, 0x08, 0x1a, 0xd8, 0x02, 0x20, 0x00, 0x00, 0x00, 0x0c, 0x1a, 0xd8, 0x02, 0x22, 0x00, 0x00,
    0x7f, 0xc0, 0x8c, 0xbf, 0x00, 0x00, 0x8a, 0xbf, 0x9f, 0x00, 0x04, 0x26, 0x84, 0x04, 0x04, 0x20,
    0x85, 0x04, 0x06, 0x24, 0x85, 0x00, 0x04, 0x20, 0x87, 0x04, 0x04, 0x24, 0x02, 0x07, 0x06, 0x68,
    0x8f, 0x00, 0x04, 0x26, 0x81, 0x04, 0x04, 0x24, 0x02, 0x07, 0x06, 0x68, 0x82, 0x06, 0x04, 0x24,
    0x00, 0x00, 0x6c, 0xd8, 0x02, 0x00, 0x00, 0x1f, 0x00, 0x04, 0x6c, 0xd8, 0x02, 0x00, 0x00, 0x21,
    0x00, 0x08, 0x6c, 0xd8, 0x02, 0x00, 0x00, 0x20, 0x00, 0x0c, 0x6c, 0xd8, 0x02, 0x00, 0x00, 0x22,
    0x7f, 0xc0, 0x8c, 0xbf, 0x00, 0x00, 0x8a, 0xbf, 0x1f, 0x00, 0xc8, 0xd1, 0x1f, 0x2f, 0x21, 0x02,
    0x20, 0x00, 0xc8, 0xd1, 0x20, 0x2f, 0x21, 0x02, 0x21, 0x00, 0xc8, 0xd1, 0x21, 0x2f, 0x21, 0x02,
    0x22, 0x00, 0xc8, 0xd1, 0x22, 0x2f, 0x21, 0x02, 0x80, 0x02, 0x04, 0x7e, 0x80, 0x3e, 0x3e, 0x24,
    0x02, 0x3f, 0x04, 0x28, 0x88, 0x40, 0x40, 0x24, 0x02, 0x41, 0x04, 0x28, 0x90, 0x42, 0x42, 0x24,
    0x02, 0x43, 0x04, 0x28, 0x98, 0x44, 0x44, 0x24, 0x02, 0x45, 0x04, 0x28, 0x02, 0x03, 0x3e, 0x7e,
    0x38, 0x0c, 0x0c, 0x80, 0x80, 0x0d, 0x0d, 0x82, 0x4f, 0x10, 0x10, 0x80, 0x80, 0x11, 0x11, 0x82,
    0x7f, 0xc0, 0x8c, 0xbf, 0x00, 0x00, 0x8a, 0xbf, 0x80, 0x02, 0xd8, 0x7e, 0x80, 0x02, 0x18, 0x7f,
    0x80, 0x02, 0xda, 0x7e, 0x80, 0x02, 0x1a, 0x7f, 0x80, 0x02, 0xdc, 0x7e, 0x80, 0x02, 0x1c, 0x7f,
    0x80, 0x02, 0xde, 0x7e, 0x80, 0x02, 0x1e, 0x7f, 0x80, 0x02, 0xe0, 0x7e, 0x80, 0x02, 0x20, 0x7f,
    0x80, 0x02, 0xe2, 0x7e, 0x80, 0x02, 0x22, 0x7f, 0x80, 0x02, 0xe4, 0x7e, 0x80, 0x02, 0x24, 0x7f,
    0x80, 0x02, 0xe6, 0x7e, 0x80, 0x02, 0x26, 0x7f, 0x80, 0x02, 0xe8, 0x7e, 0x80, 0x02, 0x28, 0x7f,
    0x80, 0x02, 0xea, 0x7e, 0x80, 0x02, 0x2a, 0x7f, 0x80, 0x02, 0xec, 0x7e, 0x80, 0x02, 0x2c, 0x7f,
    0x80, 0x02, 0xee, 0x7e, 0x80, 0x02, 0x2e, 0x7f, 0x80, 0x02, 0xf0, 0x7e, 0x80, 0x02, 0x30, 0x7f,
    0x80, 0x02, 0xf2, 0x7e, 0x80, 0x02, 0x32, 0x7f, 0x80, 0x02, 0xf4, 0x7e, 0x80, 0x02, 0x34, 0x7f,
    0x80, 0x02, 0xf6, 0x7e, 0x80, 0x02, 0x36, 0x7f, 0x00, 0x00, 0x9a, 0xd8, 0x08, 0x6c, 0x00, 0x00,
    0x00, 0x22, 0x9a, 0xd8, 0x08, 0x6e, 0x00, 0x00, 0x20, 0x02, 0x9a, 0xd8, 0x08, 0x70, 0x00, 0x00,
    0x20, 0x24, 0x9a, 0xd8, 0x08, 0x72, 0x00, 0x00, 0x00, 0x11, 0x9a, 0xd8, 0x08, 0x74, 0x00, 0x00,
    0x00, 0x33, 0x9a, 0xd8, 0x08, 0x76, 0x00, 0x00, 0x20, 0x13, 0x9a, 0xd8, 0x08, 0x78, 0x00, 0x00,
    0x20, 0x35, 0x9a, 0xd8, 0x08, 0x7a, 0x00, 0x00, 0x80, 0x00, 0xd0, 0xbe, 0x00, 0x00, 0x8c, 0xbf,
    0x76, 0x40, 0x8c, 0xbf, 0x00, 0x00, 0x8a, 0xbf, 0x00, 0x60, 0xac, 0xd3, 0x15, 0x3f, 0x02, 0x00,
    0x6c, 0x0c, 0xad, 0xd3, 0x00, 0x59, 0x02, 0x8a, 0x00, 0x00, 0x6c, 0xd8, 0x09, 0x00, 0x00, 0x4c,
    0x00, 0x11, 0x6c, 0xd8, 0x09, 0x00, 0x00, 0x4d, 0x08, 0x00, 0x6c, 0xd8, 0x09, 0x00, 0x00, 0x4e,
    0x08, 0x11, 0x6c, 0xd8, 0x09, 0x00, 0x00, 0x4f, 0x00, 0x10, 0xac, 0xd3, 0x15, 0x3f, 0x02, 0x00,
    0x70, 0x0c, 0xad, 0xd3, 0x00, 0x69, 0x02, 0x8a, 0x00, 0x10, 0x5c, 0xe0, 0x28, 0x20, 0x83, 0x80,
    0x00, 0x28, 0xac, 0xd3, 0x15, 0x3f, 0x02, 0x00, 0x74, 0x0c, 0xad, 0xd3, 0x04, 0x59, 0x02, 0x8a,
    0x20, 0x00, 0x6c, 0xd8, 0x09, 0x00, 0x00, 0x50, 0x20, 0x11, 0x6c, 0xd8, 0x09, 0x00, 0x00, 0x51,
    0x28, 0x00, 0x6c, 0xd8, 0x09, 0x00, 0x00, 0x52, 0x28, 0x11, 0x6c, 0xd8, 0x09, 0x00, 0x00, 0x53,
    0x00, 0x78, 0xac, 0xd3, 0x15, 0x3f, 0x02, 0x00, 0x78, 0x0c, 0xad, 0xd3, 0x04, 0x69, 0x02, 0x8a,
    0x00, 0x10, 0x5c, 0xe0, 0x29, 0x24, 0x83, 0x80, 0x00, 0x10, 0x50, 0xe0, 0x0a, 0x17, 0x04, 0x80,
    0x00, 0x10, 0x50, 0xe0, 0x0b, 0x18, 0x04, 0x80, 0x78, 0x4f, 0x8c, 0xbf, 0x00, 0x60, 0xac, 0xd3,
    0x16, 0x3f, 0x02, 0x00, 0x7c, 0x0c, 0xad, 0xd3, 0x08, 0x59, 0x02, 0x8a, 0x00, 0x22, 0x6c, 0xd8,
    0x09, 0x00, 0x00, 0x54, 0x00, 0x33, 0x6c, 0xd8, 0x09, 0x00, 0x00, 0x55, 0x08, 0x22, 0x6c, 0xd8,
    0x09, 0x00, 0x00, 0x56, 0x08, 0x33, 0x6c, 0xd8, 0x09, 0x00, 0x00, 0x57, 0x00, 0x70, 0xac, 0xd3,
    0x16, 0x3f, 0x02, 0x00, 0x80, 0x0c, 0xad, 0xd3, 0x08, 0x69, 0x02, 0x8a, 0x00, 0x10, 0x5c, 0xe0,
    0x2a, 0x28, 0x83, 0x80, 0x00, 0x68, 0xac, 0xd3, 0x16, 0x3f, 0x02, 0x00, 0x84, 0x0c, 0xad, 0xd3,
    0x0c, 0x59, 0x02, 0x8a, 0x20, 0x22, 0x6c, 0xd8, 0x09, 0x00, 0x00, 0x58, 0x20, 0x33, 0x6c, 0xd8,
    0x09, 0x00, 0x00, 0x59, 0x28, 0x22, 0x6c, 0xd8, 0x09, 0x00, 0x00, 0x5a, 0x28, 0x33, 0x6c, 0xd8,
    0x09, 0x00, 0x00, 0x5b, 0x00, 0x78, 0xac, 0xd3, 0x16, 0x3f, 0x02, 0x00, 0x88, 0x0c, 0xad, 0xd3,
    0x0c, 0x69, 0x02, 0x8a, 0x00, 0x10, 0x5c, 0xe0, 0x2b, 0x2c, 0x83, 0x80, 0x78, 0x4f, 0x8c, 0xbf,
    0x00, 0x60, 0xac, 0xd3, 0x15, 0x3f, 0x02, 0x18, 0x6c, 0x0c, 0xad, 0xd3, 0x10, 0x61, 0xb2, 0x8d,
    0x00, 0x44, 0x9a, 0xd8, 0x08, 0x8c, 0x00, 0x00, 0x00, 0x66, 0x9a, 0xd8, 0x08, 0x8e, 0x00, 0x00,
    0x00, 0x70, 0xac, 0xd3, 0x15, 0x3f, 0x02, 0x18, 0x70, 0x0c, 0xad, 0xd3, 0x10, 0x71, 0xc2, 0x8d,
    0x00, 0x14, 0x5c, 0xe0, 0x28, 0x30, 0x83, 0x80, 0x00, 0x68, 0xac, 0xd3, 0x15, 0x3f, 0x02, 0x18,
    0x74, 0x0c, 0xad, 0xd3, 0x14, 0x61, 0xd2, 0x8d, 0x20, 0x46, 0x9a, 0xd8, 0x08, 0x90, 0x00, 0x00,
    0x20, 0x68, 0x9a, 0xd8, 0x08, 0x92, 0x00, 0x00, 0x00, 0x78, 0xac, 0xd3, 0x15, 0x3f, 0x02, 0x18,
    0x78, 0x0c, 0xad, 0xd3, 0x14, 0x71, 0xe2, 0x8d, 0x00, 0x14, 0x5c, 0xe0, 0x29, 0x34, 0x83, 0x80,
    0x78, 0x4f, 0x8c, 0xbf, 0x00, 0x60, 0xac, 0xd3, 0x16, 0x3f, 0x02, 0x18, 0x7c, 0x0c, 0xad, 0xd3,
    0x18, 0x61, 0xf2, 0x8d, 0x00, 0x55, 0x9a, 0xd8, 0x08, 0x94, 0x00, 0x00, 0x00, 0x77, 0x9a, 0xd8,
    0x08, 0x96, 0x00, 0x00, 0x00, 0x70, 0xac, 0xd3, 0x16, 0x3f, 0x02, 0x18, 0x80, 0x0c, 0xad, 0xd3,
    0x18, 0x71, 0x02, 0x8e, 0x00, 0x14, 0x5c, 0xe0, 0x2a, 0x38, 0x83, 0x80, 0x00, 0x68, 0xac, 0xd3,
    0x16, 0x3f, 0x02, 0x18, 0x84, 0x0c, 0xad, 0xd3, 0x1c, 0x61, 0x12, 0x8e, 0x20, 0x57, 0x9a, 0xd8,
    0x08, 0x98, 0x00, 0x00, 0x20, 0x79, 0x9a, 0xd8, 0x08, 0x9a, 0x00, 0x00, 0x00, 0x78, 0xac, 0xd3,
    0x16, 0x3f, 0x02, 0x18, 0x88, 0x0c, 0xad, 0xd3, 0x1c, 0x71, 0x22, 0x8e, 0x00, 0x14, 0x5c, 0xe0,
    0x2b, 0x3c, 0x83, 0x80, 0xff, 0x50, 0x3c, 0x80, 0x00, 0x02, 0x00, 0x00, 0x3c, 0x51, 0x0a, 0xbf,
    0x38, 0x80, 0x38, 0x85, 0x4e, 0x80, 0x4e, 0x85, 0x4f, 0x80, 0x4f, 0x85, 0x38, 0x0c, 0x0c, 0x80,
    0x80, 0x0d, 0x0d, 0x82, 0x4f, 0x10, 0x10, 0x80, 0x80, 0x11, 0x11, 0x82, 0x1d, 0x03, 0x04, 0x7e,
    0x1d, 0x03, 0x06, 0x7e, 0x6c, 0x40, 0xb1, 0xd3, 0x02, 0xd9, 0x02, 0x18, 0x6e, 0x40, 0xb1, 0xd3,
    0x02, 0xdd, 0x02, 0x18, 0x74, 0x40, 0xb1, 0xd3, 0x02, 0xe9, 0x02, 0x18, 0x76, 0x40, 0xb1, 0xd3,
    0x02, 0xed, 0x02, 0x18, 0x7c, 0x40, 0xb1, 0xd3, 0x02, 0xf9, 0x02, 0x18, 0x7e, 0x40, 0xb1, 0xd3,
    0x02, 0xfd, 0x02, 0x18, 0x84, 0x40, 0xb1, 0xd3, 0x02, 0x09, 0x03, 0x18, 0x86, 0x40, 0xb1, 0xd3,
    0x02, 0x0d, 0x03, 0x18, 0x1e, 0x03, 0x04, 0x7e, 0x1e, 0x03, 0x06, 0x7e, 0x70, 0x40, 0xb1, 0xd3,
    0x02, 0xe1, 0x02, 0x18, 0x72, 0x40, 0xb1, 0xd3, 0x02, 0xe5, 0x02, 0x18, 0x78, 0x40, 0xb1, 0xd3,
    0x02, 0xf1, 0x02, 0x18, 0x7a, 0x40, 0xb1, 0xd3, 0x02, 0xf5, 0x02, 0x18, 0x80, 0x40, 0xb1, 0xd3,
    0x02, 0x01, 0x03, 0x18, 0x82, 0x40, 0xb1, 0xd3, 0x02, 0x05, 0x03, 0x18, 0x88, 0x40, 0xb1, 0xd3,
    0x02, 0x11, 0x03, 0x18, 0x8a, 0x40, 0xb1, 0xd3, 0x02, 0x15, 0x03, 0x18, 0x6c, 0x00, 0x68, 0xd2,
    0x6c, 0xdb, 0x02, 0x00, 0x6d, 0x00, 0x68, 0xd2, 0x6e, 0xdf, 0x02, 0x00, 0x6e, 0x00, 0x68, 0xd2,
    0x70, 0xe3, 0x02, 0x00, 0x6f, 0x00, 0x68, 0xd2, 0x72, 0xe7, 0x02, 0x00, 0x70, 0x00, 0x68, 0xd2,
    0x74, 0xeb, 0x02, 0x00, 0x71, 0x00, 0x68, 0xd2, 0x76, 0xef, 0x02, 0x00, 0x72, 0x00, 0x68, 0xd2,
    0x78, 0xf3, 0x02, 0x00, 0x73, 0x00, 0x68, 0xd2, 0x7a, 0xf7, 0x02, 0x00, 0x74, 0x00, 0x68, 0xd2,
    0x7c, 0xfb, 0x02, 0x00, 0x75, 0x00, 0x68, 0xd2, 0x7e, 0xff, 0x02, 0x00, 0x76, 0x00, 0x68, 0xd2,
    0x80, 0x03, 0x03, 0x00, 0x77, 0x00, 0x68, 0xd2, 0x82, 0x07, 0x03, 0x00, 0x78, 0x00, 0x68, 0xd2,
    0x84, 0x0b, 0x03, 0x00, 0x79, 0x00, 0x68, 0xd2, 0x86, 0x0f, 0x03, 0x00, 0x7a, 0x00, 0x68, 0xd2,
    0x88, 0x13, 0x03, 0x00, 0x7b, 0x00, 0x68, 0xd2, 0x8a, 0x17, 0x03, 0x00, 0x50, 0xff, 0x09, 0xbf,
    0x00, 0x02, 0x00, 0x00, 0xff, 0x3b, 0x3b, 0x85, 0x00, 0x02, 0x00, 0x00, 0x14, 0x01, 0xfe, 0xbe,
    0x00, 0x80, 0x48, 0xdd, 0x5c, 0x4c, 0x08, 0x00, 0x24, 0x01, 0xfe, 0xbe, 0x14, 0x01, 0xfe, 0xbe,
    0x00, 0x81, 0x48, 0xdd, 0x5c, 0x4d, 0x08, 0x00, 0x24, 0x01, 0xfe, 0xbe, 0x16, 0x01, 0xfe, 0xbe,
    0x00, 0x80, 0x48, 0xdd, 0x5e, 0x4e, 0x08, 0x00, 0x24, 0x01, 0xfe, 0xbe, 0x16, 0x01, 0xfe, 0xbe,
    0x00, 0x81, 0x48, 0xdd, 0x5e, 0x4f, 0x08, 0x00, 0x24, 0x01, 0xfe, 0xbe, 0x18, 0x01, 0xfe, 0xbe,
    0x00, 0x80, 0x48, 0xdd, 0x60, 0x50, 0x08, 0x00, 0x24, 0x01, 0xfe, 0xbe, 0x18, 0x01, 0xfe, 0xbe,
    0x00, 0x81, 0x48, 0xdd, 0x60, 0x51, 0x08, 0x00, 0x24, 0x01, 0xfe, 0xbe, 0x1a, 0x01, 0xfe, 0xbe,
    0x00, 0x80, 0x48, 0xdd, 0x62, 0x52, 0x08, 0x00, 0x24, 0x01, 0xfe, 0xbe, 0x1a, 0x01, 0xfe, 0xbe,
    0x00, 0x81, 0x48, 0xdd, 0x62, 0x53, 0x08, 0x00, 0x24, 0x01, 0xfe, 0xbe, 0x1c, 0x01, 0xfe, 0xbe,
    0x00, 0x80, 0x48, 0xdd, 0x64, 0x54, 0x08, 0x00, 0x24, 0x01, 0xfe, 0xbe, 0x1c, 0x01, 0xfe, 0xbe,
    0x00, 0x81, 0x48, 0xdd, 0x64, 0x55, 0x08, 0x00, 0x24, 0x01, 0xfe, 0xbe, 0x1e, 0x01, 0xfe, 0xbe,
    0x00, 0x80, 0x48, 0xdd, 0x66, 0x56, 0x08, 0x00, 0x24, 0x01, 0xfe, 0xbe, 0x1e, 0x01, 0xfe, 0xbe,
    0x00, 0x81, 0x48, 0xdd, 0x66, 0x57, 0x08, 0x00, 0x24, 0x01, 0xfe, 0xbe, 0x20, 0x01, 0xfe, 0xbe,
    0x00, 0x80, 0x48, 0xdd, 0x68, 0x58, 0x08, 0x00, 0x24, 0x01, 0xfe, 0xbe, 0x20, 0x01, 0xfe, 0xbe,
    0x00, 0x81, 0x48, 0xdd, 0x68, 0x59, 0x08, 0x00, 0x24, 0x01, 0xfe, 0xbe, 0x22, 0x01, 0xfe, 0xbe,
    0x00, 0x80, 0x48, 0xdd, 0x6a, 0x5a, 0x08, 0x00, 0x24, 0x01, 0xfe, 0xbe, 0x22, 0x01, 0xfe, 0xbe,
    0x00, 0x81, 0x48, 0xdd, 0x6a, 0x5b, 0x08, 0x00, 0x24, 0x01, 0xfe, 0xbe, 0x3b, 0x08, 0x08, 0x80,
    0x80, 0x09, 0x09, 0x82, 0x00, 0x01, 0x50, 0xb7, 0x50, 0x51, 0x04, 0xbf, 0x21, 0x01, 0x84, 0xbf,
    0x76, 0x40, 0x8c, 0xbf, 0x00, 0x00, 0x8a, 0xbf, 0x00, 0x60, 0xac, 0xd3, 0x17, 0x3f, 0x02, 0x00,
    0x8c, 0x0c, 0xad, 0xd3, 0x20, 0x59, 0x02, 0x8a, 0x00, 0x44, 0x6c, 0xd8, 0x09, 0x00, 0x00, 0x4c,
    0x00, 0x55, 0x6c, 0xd8, 0x09, 0x00, 0x00, 0x4d, 0x08, 0x44, 0x6c, 0xd8, 0x09, 0x00, 0x00, 0x4e,
    0x08, 0x55, 0x6c, 0xd8, 0x09, 0x00, 0x00, 0x4f, 0x00, 0x70, 0xac, 0xd3, 0x17, 0x3f, 0x02, 0x00,
    0x90, 0x0c, 0xad, 0xd3, 0x20, 0x69, 0x02, 0x8a, 0x00, 0x10, 0x5c, 0xe0, 0x28, 0x00, 0x83, 0x80,
    0x00, 0x68, 0xac, 0xd3, 0x17, 0x3f, 0x02, 0x00, 0x94, 0x0c, 0xad, 0xd3, 0x24, 0x59, 0x02, 0x8a,
    0x20, 0x44, 0x6c, 0xd8, 0x09, 0x00, 0x00, 0x50, 0x20, 0x55, 0x6c, 0xd8, 0x09, 0x00, 0x00, 0x51,
    0x28, 0x44, 0x6c, 0xd8, 0x09, 0x00, 0x00, 0x52, 0x28, 0x55, 0x6c, 0xd8, 0x09, 0x00, 0x00, 0x53,
    0x00, 0x78, 0xac, 0xd3, 0x17, 0x3f, 0x02, 0x00, 0x98, 0x0c, 0xad, 0xd3, 0x24, 0x69, 0x02, 0x8a,
    0x00, 0x10, 0x5c, 0xe0, 0x29, 0x04, 0x83, 0x80, 0x00, 0x10, 0x50, 0xe0, 0x0a, 0x15, 0x04, 0x80,
    0x00, 0x10, 0x50, 0xe0, 0x0b, 0x16, 0x04, 0x80, 0x78, 0x4f, 0x8c, 0xbf, 0x00, 0x60, 0xac, 0xd3,
    0x18, 0x3f, 0x02, 0x00, 0x9c, 0x0c, 0xad, 0xd3, 0x28, 0x59, 0x02, 0x8a, 0x00, 0x66, 0x6c, 0xd8,
    0x09, 0x00, 0x00, 0x54, 0x00, 0x77, 0x6c, 0xd8, 0x09, 0x00, 0x00, 0x55, 0x08, 0x66, 0x6c, 0xd8,
    0x09, 0x00, 0x00, 0x56, 0x08, 0x77, 0x6c, 0xd8, 0x09, 0x00, 0x00, 0x57, 0x00, 0x70, 0xac, 0xd3,
    0x18, 0x3f, 0x02, 0x00, 0xa0, 0x0c, 0xad, 0xd3, 0x28, 0x69, 0x02, 0x8a, 0x00, 0x10, 0x5c, 0xe0,
    0x2a, 0x08, 0x83, 0x80, 0x00, 0x68, 0xac, 0xd3, 0x18, 0x3f, 0x02, 0x00, 0xa4, 0x0c, 0xad, 0xd3,
    0x2c, 0x59, 0x02, 0x8a, 0x20, 0x66, 0x6c, 0xd8, 0x09, 0x00, 0x00, 0x58, 0x20, 0x77, 0x6c, 0xd8,
    0x09, 0x00, 0x00, 0x59, 0x28, 0x66, 0x6c, 0xd8, 0x09, 0x00, 0x00, 0x5a, 0x28, 0x77, 0x6c, 0xd8,
    0x09, 0x00, 0x00, 0x5b, 0x00, 0x78, 0xac, 0xd3, 0x18, 0x3f, 0x02, 0x00, 0xa8, 0x0c, 0xad, 0xd3,
    0x2c, 0x69, 0x02, 0x8a, 0x00, 0x10, 0x5c, 0xe0, 0x2b, 0x0c, 0x83, 0x80, 0x78, 0x4f, 0x8c, 0xbf,
    0x00, 0x60, 0xac, 0xd3, 0x17, 0x3f, 0x02, 0x18, 0x8c, 0x0c, 0xad, 0xd3, 0x30, 0x61, 0x32, 0x8e,
    0x00, 0x00, 0x9a, 0xd8, 0x08, 0x6c, 0x00, 0x00, 0x00, 0x22, 0x9a, 0xd8, 0x08, 0x6e, 0x00, 0x00,
    0x00, 0x70, 0xac, 0xd3, 0x17, 0x3f, 0x02, 0x18, 0x90, 0x0c, 0xad, 0xd3, 0x30, 0x71, 0x42, 0x8e,
    0x00, 0x14, 0x5c, 0xe0, 0x28, 0x10, 0x83, 0x80, 0x00, 0x68, 0xac, 0xd3, 0x17, 0x3f, 0x02, 0x18,
    0x94, 0x0c, 0xad, 0xd3, 0x34, 0x61, 0x52, 0x8e, 0x20, 0x02, 0x9a, 0xd8, 0x08, 0x70, 0x00, 0x00,
    0x20, 0x24, 0x9a, 0xd8, 0x08, 0x72, 0x00, 0x00, 0x00, 0x78, 0xac, 0xd3, 0x17, 0x3f, 0x02, 0x18,
    0x98, 0x0c, 0xad, 0xd3, 0x34, 0x71, 0x62, 0x8e, 0x00, 0x14, 0x5c, 0xe0, 0x29, 0x14, 0x83, 0x80,
    0x78, 0x4f, 0x8c, 0xbf, 0x00, 0x60, 0xac, 0xd3, 0x18, 0x3f, 0x02, 0x18, 0x9c, 0x0c, 0xad, 0xd3,
    0x38, 0x61, 0x72, 0x8e, 0x00, 0x11, 0x9a, 0xd8, 0x08, 0x74, 0x00, 0x00, 0x00, 0x33, 0x9a, 0xd8,
    0x08, 0x76, 0x00, 0x00, 0x00, 0x70, 0xac, 0xd3, 0x18, 0x3f, 0x02, 0x18, 0xa0, 0x0c, 0xad, 0xd3,
    0x38, 0x71, 0x82, 0x8e, 0x00, 0x14, 0x5c, 0xe0, 0x2a, 0x18, 0x83, 0x80, 0x00, 0x68, 0xac, 0xd3,
    0x18, 0x3f, 0x02, 0x18, 0xa4, 0x0c, 0xad, 0xd3, 0x3c, 0x61, 0x92, 0x8e, 0x20, 0x13, 0x9a, 0xd8,
    0x08, 0x78, 0x00, 0x00, 0x20, 0x35, 0x9a, 0xd8, 0x08, 0x7a, 0x00, 0x00, 0x00, 0x78, 0xac, 0xd3,
    0x18, 0x3f, 0x02, 0x18, 0xa8, 0x0c, 0xad, 0xd3, 0x3c, 0x71, 0xa2, 0x8e, 0x00, 0x14, 0x5c, 0xe0,
    0x2b, 0x1c, 0x83, 0x80, 0xff, 0x50, 0x3c, 0x80, 0x00, 0x02, 0x00, 0x00, 0x3c, 0x51, 0x0a, 0xbf,
    0x38, 0x80, 0x38, 0x85, 0x4e, 0x80, 0x4e, 0x85, 0x4f, 0x80, 0x4f, 0x85, 0x38, 0x0c, 0x0c, 0x80,
    0x80, 0x0d, 0x0d, 0x82, 0x4f, 0x10, 0x10, 0x80, 0x80, 0x11, 0x11, 0x82, 0x1d, 0x03, 0x04, 0x7e,
    0x1d, 0x03, 0x06, 0x7e, 0x8c, 0x40, 0xb1, 0xd3, 0x02, 0x19, 0x03, 0x18, 0x8e, 0x40, 0xb1, 0xd3,
    0x02, 0x1d, 0x03, 0x18, 0x94, 0x40, 0xb1, 0xd3, 0x02, 0x29, 0x03, 0x18, 0x96, 0x40, 0xb1, 0xd3,
    0x02, 0x2d, 0x03, 0x18, 0x9c, 0x40, 0xb1, 0xd3, 0x02, 0x39, 0x03, 0x18, 0x9e, 0x40, 0xb1, 0xd3,
    0x02, 0x3d, 0x03, 0x18, 0xa4, 0x40, 0xb1, 0xd3, 0x02, 0x49, 0x03, 0x18, 0xa6, 0x40, 0xb1, 0xd3,
    0x02, 0x4d, 0x03, 0x18, 0x1e, 0x03, 0x04, 0x7e, 0x1e, 0x03, 0x06, 0x7e, 0x90, 0x40, 0xb1, 0xd3,
    0x02, 0x21, 0x03, 0x18, 0x92, 0x40, 0xb1, 0xd3, 0x02, 0x25, 0x03, 0x18, 0x98, 0x40, 0xb1, 0xd3,
    0x02, 0x31, 0x03, 0x18, 0x9a, 0x40, 0xb1, 0xd3, 0x02, 0x35, 0x03, 0x18, 0xa0, 0x40, 0xb1, 0xd3,
    0x02, 0x41, 0x03, 0x18, 0xa2, 0x40, 0xb1, 0xd3, 0x02, 0x45, 0x03, 0x18, 0xa8, 0x40, 0xb1, 0xd3,
    0x02, 0x51, 0x03, 0x18, 0xaa, 0x40, 0xb1, 0xd3, 0x02, 0x55, 0x03, 0x18, 0x8c, 0x00, 0x68, 0xd2,
    0x8c, 0x1b, 0x03, 0x00, 0x8d, 0x00, 0x68, 0xd2, 0x8e, 0x1f, 0x03, 0x00, 0x8e, 0x00, 0x68, 0xd2,
    0x90, 0x23, 0x03, 0x00, 0x8f, 0x00, 0x68, 0xd2, 0x92, 0x27, 0x03, 0x00, 0x90, 0x00, 0x68, 0xd2,
    0x94, 0x2b, 0x03, 0x00, 0x91, 0x00, 0x68, 0xd2, 0x96, 0x2f, 0x03, 0x00, 0x92, 0x00, 0x68, 0xd2,
    0x98, 0x33, 0x03, 0x00, 0x93, 0x00, 0x68, 0xd2, 0x9a, 0x37, 0x03, 0x00, 0x94, 0x00, 0x68, 0xd2,
    0x9c, 0x3b, 0x03, 0x00, 0x95, 0x00, 0x68, 0xd2, 0x9e, 0x3f, 0x03, 0x00, 0x96, 0x00, 0x68, 0xd2,
    0xa0, 0x43, 0x03, 0x00, 0x97, 0x00, 0x68, 0xd2, 0xa2, 0x47, 0x03, 0x00, 0x98, 0x00, 0x68, 0xd2,
    0xa4, 0x4b, 0x03, 0x00, 0x99, 0x00, 0x68, 0xd2, 0xa6, 0x4f, 0x03, 0x00, 0x9a, 0x00, 0x68, 0xd2,
    0xa8, 0x53, 0x03, 0x00, 0x9b, 0x00, 0x68, 0xd2, 0xaa, 0x57, 0x03, 0x00, 0x50, 0xff, 0x09, 0xbf,
    0x00, 0x02, 0x00, 0x00, 0xff, 0x3b, 0x3b, 0x85, 0x00, 0x02, 0x00, 0x00, 0x14, 0x01, 0xfe, 0xbe,
    0x00, 0x80, 0x48, 0xdd, 0x5c, 0x4c, 0x08, 0x00, 0x24, 0x01, 0xfe, 0xbe, 0x14, 0x01, 0xfe, 0xbe,
    0x00, 0x81, 0x48, 0xdd, 0x5c, 0x4d, 0x08, 0x00, 0x24, 0x01, 0xfe, 0xbe, 0x16, 0x01, 0xfe, 0xbe,
    0x00, 0x80, 0x48, 0xdd, 0x5e, 0x4e, 0x08, 0x00, 0x24, 0x01, 0xfe, 0xbe, 0x16, 0x01, 0xfe, 0xbe,
    0x00, 0x81, 0x48, 0xdd, 0x5e, 0x4f, 0x08, 0x00, 0x24, 0x01, 0xfe, 0xbe, 0x18, 0x01, 0xfe, 0xbe,
    0x00, 0x80, 0x48, 0xdd, 0x60, 0x50, 0x08, 0x00, 0x24, 0x01, 0xfe, 0xbe, 0x18, 0x01, 0xfe, 0xbe,
    0x00, 0x81, 0x48, 0xdd, 0x60, 0x51, 0x08, 0x00, 0x24, 0x01, 0xfe, 0xbe, 0x1a, 0x01, 0xfe, 0xbe,
    0x00, 0x80, 0x48, 0xdd, 0x62, 0x52, 0x08, 0x00, 0x24, 0x01, 0xfe, 0xbe, 0x1a, 0x01, 0xfe, 0xbe,
    0x00, 0x81, 0x48, 0xdd, 0x62, 0x53, 0x08, 0x00, 0x24, 0x01, 0xfe, 0xbe, 0x1c, 0x01, 0xfe, 0xbe,
    0x00, 0x80, 0x48, 0xdd, 0x64, 0x54, 0x08, 0x00, 0x24, 0x01, 0xfe, 0xbe, 0x1c, 0x01, 0xfe, 0xbe,
    0x00, 0x81, 0x48, 0xdd, 0x64, 0x55, 0x08, 0x00, 0x24, 0x01, 0xfe, 0xbe, 0x1e, 0x01, 0xfe, 0xbe,
    0x00, 0x80, 0x48, 0xdd, 0x66, 0x56, 0x08, 0x00, 0x24, 0x01, 0xfe, 0xbe, 0x1e, 0x01, 0xfe, 0xbe,
    0x00, 0x81, 0x48, 0xdd, 0x66, 0x57, 0x08, 0x00, 0x24, 0x01, 0xfe, 0xbe, 0x20, 0x01, 0xfe, 0xbe,
    0x00, 0x80, 0x48, 0xdd, 0x68, 0x58, 0x08, 0x00, 0x24, 0x01, 0xfe, 0xbe, 0x20, 0x01, 0xfe, 0xbe,
    0x00, 0x81, 0x48, 0xdd, 0x68, 0x59, 0x08, 0x00, 0x24, 0x01, 0xfe, 0xbe, 0x22, 0x01, 0xfe, 0xbe,
    0x00, 0x80, 0x48, 0xdd, 0x6a, 0x5a, 0x08, 0x00, 0x24, 0x01, 0xfe, 0xbe, 0x22, 0x01, 0xfe, 0xbe,
    0x00, 0x81, 0x48, 0xdd, 0x6a, 0x5b, 0x08, 0x00, 0x24, 0x01, 0xfe, 0xbe, 0x3b, 0x08, 0x08, 0x80,
    0x80, 0x09, 0x09, 0x82, 0x00, 0x01, 0x50, 0xb7, 0x50, 0x51, 0x04, 0xbf, 0x01, 0x00, 0x84, 0xbf,
    0xbf, 0xfd, 0x82, 0xbf, 0x00, 0x00, 0x80, 0xbf, 0x00, 0x00, 0x80, 0xbf, 0xfa, 0x06, 0x82, 0xbf,
    0x76, 0x00, 0x8c, 0xbf, 0x00, 0x00, 0x8a, 0xbf, 0x00, 0x60, 0xac, 0xd3, 0x15, 0x27, 0x02, 0x00,
    0x2c, 0x0c, 0xad, 0xd3, 0x00, 0xd9, 0xb2, 0x8c, 0x00, 0x10, 0x5c, 0xe0, 0x24, 0x20, 0x97, 0x80,
    0x00, 0x10, 0x5d, 0xe0, 0x23, 0x00, 0x05, 0x80, 0x80, 0x32, 0x7c, 0x80, 0x00, 0x70, 0xac, 0xd3,
    0x15, 0x27, 0x02, 0x00, 0x3c, 0x0c, 0xad, 0xd3, 0x00, 0xe9, 0xf2, 0x8c, 0x00, 0x08, 0xac, 0xd3,
    0x15, 0x27, 0x02, 0x00, 0x30, 0x0c, 0xad, 0xd3, 0x04, 0xd9, 0xc2, 0x8c, 0x00, 0x10, 0x5c, 0xe0,
    0x25, 0x24, 0x97, 0x80, 0x00, 0x10, 0x50, 0xe0, 0x0c, 0x14, 0x07, 0x80, 0x00, 0x10, 0x50, 0xe0,
    0x11, 0x19, 0x08, 0x80, 0x00, 0x10, 0x50, 0xe0, 0x12, 0x1a, 0x08, 0x80, 0x00, 0x18, 0xac, 0xd3,
    0x15, 0x27, 0x02, 0x00, 0x40, 0x0c, 0xad, 0xd3, 0x04, 0xe9, 0x02, 0x8d, 0x7a, 0x0f, 0x8c, 0xbf,
    0x00, 0x60, 0xac, 0xd3, 0x16, 0x27, 0x02, 0x00, 0x34, 0x0c, 0xad, 0xd3, 0x08, 0xd9, 0xd2, 0x8c,
    0x00, 0x10, 0x5c, 0xe0, 0x26, 0x28, 0x97, 0x80, 0x00, 0x70, 0xac, 0xd3, 0x16, 0x27, 0x02, 0x00,
    0x44, 0x0c, 0xad, 0xd3, 0x08, 0xe9, 0x12, 0x8d, 0x00, 0x68, 0xac, 0xd3, 0x16, 0x27, 0x02, 0x00,
    0x38, 0x0c, 0xad, 0xd3, 0x0c, 0xd9, 0xe2, 0x8c, 0x00, 0x10, 0x5c, 0xe0, 0x27, 0x2c, 0x97, 0x80,
    0x00, 0x78, 0xac, 0xd3, 0x16, 0x27, 0x02, 0x00, 0x48, 0x0c, 0xad, 0xd3, 0x0c, 0xe9, 0x22, 0x8d,
    0x00, 0x00, 0x80, 0xbf, 0x7a, 0x0f, 0x8c, 0xbf, 0x00, 0x60, 0xac, 0xd3, 0x15, 0x27, 0x02, 0x18,
    0x2c, 0x0c, 0xad, 0xd3, 0x10, 0xe1, 0xb2, 0x8c, 0x00, 0x14, 0x5c, 0xe0, 0x24, 0x30, 0x97, 0x80,
    0x00, 0x70, 0xac, 0xd3, 0x15, 0x27, 0x02, 0x18, 0x3c, 0x0c, 0xad, 0xd3, 0x10, 0xf1, 0xf2, 0x8c,
    0x00, 0x68, 0xac, 0xd3, 0x15, 0x27, 0x02, 0x18, 0x30, 0x0c, 0xad, 0xd3, 0x14, 0xe1, 0xc2, 0x8c,
    0x00, 0x14, 0x5c, 0xe0, 0x25, 0x34, 0x97, 0x80, 0x00, 0x78, 0xac, 0xd3, 0x15, 0x27, 0x02, 0x18,
    0x40, 0x0c, 0xad, 0xd3, 0x14, 0xf1, 0x02, 0x8d, 0x7a, 0x0f, 0x8c, 0xbf, 0x00, 0x60, 0xac, 0xd3,
    0x16, 0x27, 0x02, 0x18, 0x34, 0x0c, 0xad, 0xd3, 0x18, 0xe1, 0xd2, 0x8c, 0x00, 0x14, 0x5c, 0xe0,
    0x26, 0x38, 0x97, 0x80, 0x00, 0x70, 0xac, 0xd3, 0x16, 0x27, 0x02, 0x18, 0x44, 0x0c, 0xad, 0xd3,
    0x18, 0xf1, 0x12, 0x8d, 0x00, 0x68, 0xac, 0xd3, 0x16, 0x27, 0x02, 0x18, 0x38, 0x0c, 0xad, 0xd3,
    0x1c, 0xe1, 0xe2, 0x8c, 0x00, 0x14, 0x5c, 0xe0, 0x27, 0x3c, 0x97, 0x80, 0x00, 0x78, 0xac, 0xd3,
    0x16, 0x27, 0x02, 0x18, 0x48, 0x0c, 0xad, 0xd3, 0x1c, 0xf1, 0x22, 0x8d, 0xff, 0x50, 0x3c, 0x80,
    0x00, 0x01, 0x00, 0x00, 0x3c, 0x51, 0x0a, 0xbf, 0x04, 0x80, 0x04, 0x85, 0x04, 0x20, 0x20, 0x80,
    0x80, 0x21, 0x21, 0x82, 0x76, 0x0f, 0x8c, 0xbf, 0x00, 0x00, 0x8a, 0xbf, 0x00, 0x60, 0xac, 0xd3,
    0x19, 0x27, 0x02, 0x00, 0x4c, 0x0c, 0xad, 0xd3, 0x20, 0xd9, 0x32, 0x8d, 0x00, 0x10, 0x5c, 0xe0,
    0x24, 0x00, 0x86, 0x80, 0x00, 0x10, 0x50, 0xe0, 0x0f, 0x17, 0x08, 0x80, 0x00, 0x10, 0x50, 0xe0,
    0x10, 0x18, 0x08, 0x80, 0x00, 0x70, 0xac, 0xd3, 0x19, 0x27, 0x02, 0x00, 0x5c, 0x0c, 0xad, 0xd3,
    0x20, 0xe9, 0x72, 0x8d, 0x00, 0x68, 0xac, 0xd3, 0x19, 0x27, 0x02, 0x00, 0x50, 0x0c, 0xad, 0xd3,
    0x24, 0xd9, 0x42, 0x8d, 0x00, 0x10, 0x5c, 0xe0, 0x25, 0x04, 0x86, 0x80, 0x00, 0x78, 0xac, 0xd3,
    0x19, 0x27, 0x02, 0x00, 0x60, 0x0c, 0xad, 0xd3, 0x24, 0xe9, 0x82, 0x8d, 0x78, 0x0f, 0x8c, 0xbf,
    0x00, 0x60, 0xac, 0xd3, 0x1a, 0x27, 0x02, 0x00, 0x54, 0x0c, 0xad, 0xd3, 0x28, 0xd9, 0x52, 0x8d,
    0x00, 0x10, 0x5c, 0xe0, 0x26, 0x08, 0x86, 0x80, 0x00, 0x70, 0xac, 0xd3, 0x1a, 0x27, 0x02, 0x00,
    0x64, 0x0c, 0xad, 0xd3, 0x28, 0xe9, 0x92, 0x8d, 0x00, 0x68, 0xac, 0xd3, 0x1a, 0x27, 0x02, 0x00,
    0x58, 0x0c, 0xad, 0xd3, 0x2c, 0xd9, 0x62, 0x8d, 0x00, 0x10, 0x5c, 0xe0, 0x27, 0x0c, 0x86, 0x80,
    0x00, 0x78, 0xac, 0xd3, 0x1a, 0x27, 0x02, 0x00, 0x68, 0x0c, 0xad, 0xd3, 0x2c, 0xe9, 0xa2, 0x8d,
    0x78, 0x0f, 0x8c, 0xbf, 0x00, 0x60, 0xac, 0xd3, 0x19, 0x27, 0x02, 0x18, 0x4c, 0x0c, 0xad, 0xd3,
    0x30, 0xe1, 0x32, 0x8d, 0x00, 0x14, 0x5c, 0xe0, 0x24, 0x10, 0x86, 0x80, 0x00, 0x70, 0xac, 0xd3,
    0x19, 0x27, 0x02, 0x18, 0x5c, 0x0c, 0xad, 0xd3, 0x30, 0xf1, 0x72, 0x8d, 0x80, 0x10, 0xfe, 0xd9,
    0x06, 0x00, 0x00, 0x7c, 0xc0, 0x10, 0xfe, 0xd9, 0x06, 0x00, 0x00, 0x80, 0x00, 0x68, 0xac, 0xd3,
    0x19, 0x27, 0x02, 0x18, 0x50, 0x0c, 0xad, 0xd3, 0x34, 0xe1, 0x42, 0x8d, 0x00, 0x14, 0x5c, 0xe0,
    0x25, 0x14, 0x86, 0x80, 0x00, 0x78, 0xac, 0xd3, 0x19, 0x27, 0x02, 0x18, 0x60, 0x0c, 0xad, 0xd3,
    0x34, 0xf1, 0x82, 0x8d, 0x80, 0x12, 0xfe, 0xd9, 0x06, 0x00, 0x00, 0x84, 0xc0, 0x12, 0xfe, 0xd9,
    0x06, 0x00, 0x00, 0x88, 0x78, 0x0f, 0x8c, 0xbf, 0x00, 0x60, 0xac, 0xd3, 0x1a, 0x27, 0x02, 0x18,
    0x54, 0x0c, 0xad, 0xd3, 0x38, 0xe1, 0x52, 0x8d, 0x00, 0x14, 0x5c, 0xe0, 0x26, 0x18, 0x86, 0x80,
    0x00, 0x70, 0xac, 0xd3, 0x1a, 0x27, 0x02, 0x18, 0x64, 0x0c, 0xad, 0xd3, 0x38, 0xf1, 0x92, 0x8d,
    0x00, 0x68, 0xac, 0xd3, 0x1a, 0x27, 0x02, 0x18, 0x58, 0x0c, 0xad, 0xd3, 0x3c, 0xe1, 0x62, 0x8d,
    0x00, 0x14, 0x5c, 0xe0, 0x27, 0x1c, 0x86, 0x80, 0x00, 0x78, 0xac, 0xd3, 0x1a, 0x27, 0x02, 0x18,
    0x68, 0x0c, 0xad, 0xd3, 0x3c, 0xf1, 0xa2, 0x8d, 0xff, 0x50, 0x3c, 0x80, 0x00, 0x02, 0x00, 0x00,
    0x3c, 0x51, 0x0a, 0xbf, 0x39, 0x80, 0x39, 0x85, 0x03, 0x80, 0x03, 0x85, 0xff, 0x50, 0x3c, 0x80,
    0x00, 0x02, 0x00, 0x00, 0x3c, 0x51, 0x0a, 0xbf, 0x3a, 0x80, 0x3a, 0x85, 0x39, 0x14, 0x14, 0x80,
    0x80, 0x15, 0x15, 0x82, 0x03, 0x1c, 0x1c, 0x80, 0x80, 0x1d, 0x1d, 0x82, 0x3a, 0x18, 0x18, 0x80,
    0x80, 0x19, 0x19, 0x82, 0x5a, 0x5c, 0x5c, 0x80, 0x80, 0x5d, 0x5d, 0x82, 0x00, 0x01, 0x50, 0xb7,
    0x50, 0x51, 0x04, 0xbf, 0xdb, 0x00, 0x84, 0xbf, 0x76, 0x00, 0x8c, 0xbf, 0x00, 0x00, 0x8a, 0xbf,
    0x00, 0x60, 0xac, 0xd3, 0x17, 0x29, 0x02, 0x00, 0x2c, 0x0c, 0xad, 0xd3, 0x00, 0xf9, 0xb2, 0x8c,
    0x00, 0x10, 0x5c, 0xe0, 0x24, 0x20, 0x97, 0x80, 0x00, 0x10, 0x5d, 0xe0, 0x23, 0x00, 0x05, 0x80,
    0x80, 0x33, 0x7c, 0x80, 0x00, 0x70, 0xac, 0xd3, 0x17, 0x29, 0x02, 0x00, 0x3c, 0x0c, 0xad, 0xd3,
    0x00, 0x09, 0xf3, 0x8c, 0x00, 0x68, 0xac, 0xd3, 0x17, 0x29, 0x02, 0x00, 0x30, 0x0c, 0xad, 0xd3,
    0x04, 0xf9, 0xc2, 0x8c, 0x00, 0x10, 0x5c, 0xe0, 0x25, 0x24, 0x97, 0x80, 0x00, 0x10, 0x50, 0xe0,
    0x0c, 0x13, 0x07, 0x80, 0x00, 0x10, 0x50, 0xe0, 0x11, 0x1b, 0x08, 0x80, 0x00, 0x10, 0x50, 0xe0,
    0x12, 0x1c, 0x08, 0x80, 0x00, 0x78, 0xac, 0xd3, 0x17, 0x29, 0x02, 0x00, 0x40, 0x0c, 0xad, 0xd3,
    0x04, 0x09, 0x03, 0x8d, 0x7a, 0x0f, 0x8c, 0xbf, 0x00, 0x60, 0xac, 0xd3, 0x18, 0x29, 0x02, 0x00,
    0x34, 0x0c, 0xad, 0xd3, 0x08, 0xf9, 0xd2, 0x8c, 0x00, 0x10, 0x5c, 0xe0, 0x26, 0x28, 0x97, 0x80,
    0x00, 0x70, 0xac, 0xd3, 0x18, 0x29, 0x02, 0x00, 0x44, 0x0c, 0xad, 0xd3, 0x08, 0x09, 0x13, 0x8d,
    0x00, 0x68, 0xac, 0xd3, 0x18, 0x29, 0x02, 0x00, 0x38, 0x0c, 0xad, 0xd3, 0x0c, 0xf9, 0xe2, 0x8c,
    0x00, 0x10, 0x5c, 0xe0, 0x27, 0x2c, 0x97, 0x80, 0x00, 0x78, 0xac, 0xd3, 0x18, 0x29, 0x02, 0x00,
    0x48, 0x0c, 0xad, 0xd3, 0x0c, 0x09, 0x23, 0x8d, 0x00, 0x00, 0x80, 0xbf, 0x7a, 0x0f, 0x8c, 0xbf,
    0x00, 0x60, 0xac, 0xd3, 0x17, 0x29, 0x02, 0x18, 0x2c, 0x0c, 0xad, 0xd3, 0x10, 0x01, 0xb3, 0x8c,
    0x00, 0x14, 0x5c, 0xe0, 0x24, 0x30, 0x97, 0x80, 0x00, 0x70, 0xac, 0xd3, 0x17, 0x29, 0x02, 0x18,
    0x3c, 0x0c, 0xad, 0xd3, 0x10, 0x11, 0xf3, 0x8c, 0x00, 0x68, 0xac, 0xd3, 0x17, 0x29, 0x02, 0x18,
    0x30, 0x0c, 0xad, 0xd3, 0x14, 0x01, 0xc3, 0x8c, 0x00, 0x14, 0x5c, 0xe0, 0x25, 0x34, 0x97, 0x80,
    0x00, 0x78, 0xac, 0xd3, 0x17, 0x29, 0x02, 0x18, 0x40, 0x0c, 0xad, 0xd3, 0x14, 0x11, 0x03, 0x8d,
    0x7a, 0x0f, 0x8c, 0xbf, 0x00, 0x60, 0xac, 0xd3, 0x18, 0x29, 0x02, 0x18, 0x34, 0x0c, 0xad, 0xd3,
    0x18, 0x01, 0xd3, 0x8c, 0x00, 0x14, 0x5c, 0xe0, 0x26, 0x38, 0x97, 0x80, 0x00, 0x70, 0xac, 0xd3,
    0x18, 0x29, 0x02, 0x18, 0x44, 0x0c, 0xad, 0xd3, 0x18, 0x11, 0x13, 0x8d, 0x00, 0x68, 0xac, 0xd3,
    0x18, 0x29, 0x02, 0x18, 0x38, 0x0c, 0xad, 0xd3, 0x1c, 0x01, 0xe3, 0x8c, 0x00, 0x14, 0x5c, 0xe0,
    0x27, 0x3c, 0x97, 0x80, 0x00, 0x78, 0xac, 0xd3, 0x18, 0x29, 0x02, 0x18, 0x48, 0x0c, 0xad, 0xd3,
    0x1c, 0x11, 0x23, 0x8d, 0xff, 0x50, 0x3c, 0x80, 0x00, 0x01, 0x00, 0x00, 0x3c, 0x51, 0x0a, 0xbf,
    0x04, 0x80, 0x04, 0x85, 0x04, 0x20, 0x20, 0x80, 0x80, 0x21, 0x21, 0x82, 0x76, 0x0f, 0x8c, 0xbf,
    0x00, 0x00, 0x8a, 0xbf, 0x00, 0x60, 0xac, 0xd3, 0x1b, 0x29, 0x02, 0x00, 0x4c, 0x0c, 0xad, 0xd3,
    0x20, 0xf9, 0x32, 0x8d, 0x00, 0x10, 0x5c, 0xe0, 0x24, 0x00, 0x86, 0x80, 0x00, 0x10, 0x50, 0xe0,
    0x0f, 0x15, 0x08, 0x80, 0x00, 0x10, 0x50, 0xe0, 0x10, 0x16, 0x08, 0x80, 0x00, 0x70, 0xac, 0xd3,
    0x1b, 0x29, 0x02, 0x00, 0x5c, 0x0c, 0xad, 0xd3, 0x20, 0x09, 0x73, 0x8d, 0x00, 0x68, 0xac, 0xd3,
    0x1b, 0x29, 0x02, 0x00, 0x50, 0x0c, 0xad, 0xd3, 0x24, 0xf9, 0x42, 0x8d, 0x00, 0x10, 0x5c, 0xe0,
    0x25, 0x04, 0x86, 0x80, 0x00, 0x78, 0xac, 0xd3, 0x1b, 0x29, 0x02, 0x00, 0x60, 0x0c, 0xad, 0xd3,
    0x24, 0x09, 0x83, 0x8d, 0x78, 0x0f, 0x8c, 0xbf, 0x00, 0x60, 0xac, 0xd3, 0x1c, 0x29, 0x02, 0x00,
    0x54, 0x0c, 0xad, 0xd3, 0x28, 0xf9, 0x52, 0x8d, 0x00, 0x10, 0x5c, 0xe0, 0x26, 0x08, 0x86, 0x80,
    0x00, 0x70, 0xac, 0xd3, 0x1c, 0x29, 0x02, 0x00, 0x64, 0x0c, 0xad, 0xd3, 0x28, 0x09, 0x93, 0x8d,
    0x00, 0x68, 0xac, 0xd3, 0x1c, 0x29, 0x02, 0x00, 0x58, 0x0c, 0xad, 0xd3, 0x2c, 0xf9, 0x62, 0x8d,
    0x00, 0x10, 0x5c, 0xe0, 0x27, 0x0c, 0x86, 0x80, 0x00, 0x78, 0xac, 0xd3, 0x1c, 0x29, 0x02, 0x00,
    0x68, 0x0c, 0xad, 0xd3, 0x2c, 0x09, 0xa3, 0x8d, 0x78, 0x0f, 0x8c, 0xbf, 0x00, 0x60, 0xac, 0xd3,
    0x1b, 0x29, 0x02, 0x18, 0x4c, 0x0c, 0xad, 0xd3, 0x30, 0x01, 0x33, 0x8d, 0x00, 0x14, 0x5c, 0xe0,
    0x24, 0x10, 0x86, 0x80, 0x00, 0x70, 0xac, 0xd3, 0x1b, 0x29, 0x02, 0x18, 0x5c, 0x0c, 0xad, 0xd3,
    0x30, 0x11, 0x73, 0x8d, 0x00, 0x00, 0xfe, 0xd9, 0x06, 0x00, 0x00, 0x6c, 0x40, 0x00, 0xfe, 0xd9,
    0x06, 0x00, 0x00, 0x70, 0x00, 0x68, 0xac, 0xd3, 0x1b, 0x29, 0x02, 0x18, 0x50, 0x0c, 0xad, 0xd3,
    0x34, 0x01, 0x43, 0x8d, 0x00, 0x14, 0x5c, 0xe0, 0x25, 0x14, 0x86, 0x80, 0x00, 0x78, 0xac, 0xd3,
    0x1b, 0x29, 0x02, 0x18, 0x60, 0x0c, 0xad, 0xd3, 0x34, 0x11, 0x83, 0x8d, 0x00, 0x02, 0xfe, 0xd9,
    0x06, 0x00, 0x00, 0x74, 0x40, 0x02, 0xfe, 0xd9, 0x06, 0x00, 0x00, 0x78, 0x78, 0x0f, 0x8c, 0xbf,
    0x00, 0x60, 0xac, 0xd3, 0x1c, 0x29, 0x02, 0x18, 0x54, 0x0c, 0xad, 0xd3, 0x38, 0x01, 0x53, 0x8d,
    0x00, 0x14, 0x5c, 0xe0, 0x26, 0x18, 0x86, 0x80, 0x00, 0x70, 0xac, 0xd3, 0x1c, 0x29, 0x02, 0x18,
    0x64, 0x0c, 0xad, 0xd3, 0x38, 0x11, 0x93, 0x8d, 0x00, 0x68, 0xac, 0xd3, 0x1c, 0x29, 0x02, 0x18,
    0x58, 0x0c, 0xad, 0xd3, 0x3c, 0x01, 0x63, 0x8d, 0x00, 0x14, 0x5c, 0xe0, 0x27, 0x1c, 0x86, 0x80,
    0x00, 0x78, 0xac, 0xd3, 0x1c, 0x29, 0x02, 0x18, 0x68, 0x0c, 0xad, 0xd3, 0x3c, 0x11, 0xa3, 0x8d,
    0xff, 0x50, 0x3c, 0x80, 0x00, 0x02, 0x00, 0x00, 0x3c, 0x51, 0x0a, 0xbf, 0x39, 0x80, 0x39, 0x85,
    0x03, 0x80, 0x03, 0x85, 0xff, 0x50, 0x3c, 0x80, 0x00, 0x02, 0x00, 0x00, 0x3c, 0x51, 0x0a, 0xbf,
    0x3a, 0x80, 0x3a, 0x85, 0x39, 0x14, 0x14, 0x80, 0x80, 0x15, 0x15, 0x82, 0x03, 0x1c, 0x1c, 0x80,
    0x80, 0x1d, 0x1d, 0x82, 0x3a, 0x18, 0x18, 0x80, 0x80, 0x19, 0x19, 0x82, 0x5a, 0x5c, 0x5c, 0x80,
    0x80, 0x5d, 0x5d, 0x82, 0x00, 0x01, 0x50, 0xb7, 0x50, 0x51, 0x04, 0xbf, 0x01, 0x00, 0x84, 0xbf,
    0x4b, 0xfe, 0x82, 0xbf, 0xc1, 0x00, 0xa4, 0xbe, 0xc1, 0x00, 0xa5, 0xbe, 0x80, 0x01, 0xbc, 0xbe,
    0x52, 0x42, 0x0a, 0xbf, 0x24, 0x3c, 0x94, 0x85, 0x53, 0x42, 0x0a, 0xbf, 0x24, 0x3c, 0x96, 0x85,
    0x54, 0x42, 0x0a, 0xbf, 0x24, 0x3c, 0x98, 0x85, 0x55, 0x42, 0x0a, 0xbf, 0x24, 0x3c, 0x9a, 0x85,
    0x56, 0x42, 0x0a, 0xbf, 0x24, 0x3c, 0x9c, 0x85, 0x57, 0x42, 0x0a, 0xbf, 0x24, 0x3c, 0x9e, 0x85,
    0x58, 0x42, 0x0a, 0xbf, 0x24, 0x3c, 0xa0, 0x85, 0x59, 0x42, 0x0a, 0xbf, 0x24, 0x3c, 0xa2, 0x85,
    0xff, 0x02, 0x02, 0x7e, 0x31, 0x42, 0xcc, 0xbf, 0x76, 0x0f, 0x8c, 0xbf, 0x00, 0x10, 0x5c, 0xe0,
    0x28, 0x00, 0x83, 0x80, 0x02, 0x00, 0x05, 0xd1, 0x2c, 0x0d, 0x00, 0x20, 0x03, 0x00, 0x05, 0xd1,
    0x2d, 0x0d, 0x00, 0x20, 0x04, 0x00, 0x05, 0xd1, 0x2e, 0x0d, 0x00, 0x20, 0x05, 0x00, 0x05, 0xd1,
    0x2f, 0x0d, 0x00, 0x20, 0x02, 0x41, 0x04, 0x7e, 0x03, 0x41, 0x06, 0x7e, 0x04, 0x41, 0x08, 0x7e,
    0x05, 0x41, 0x0a, 0x7e, 0x00, 0x10, 0x5c, 0xe0, 0x29, 0x04, 0x83, 0x80, 0x02, 0x00, 0x01, 0xd1,
    0x02, 0xe5, 0x01, 0x00, 0x03, 0x00, 0x01, 0xd1, 0x03, 0xe5, 0x01, 0x00, 0x04, 0x00, 0x01, 0xd1,
    0x04, 0xe5, 0x01, 0x00, 0x05, 0x00, 0x01, 0xd1, 0x05, 0xe5, 0x01, 0x00, 0x02, 0x45, 0x04, 0x7e,
    0x03, 0x45, 0x06, 0x7e, 0x04, 0x45, 0x08, 0x7e, 0x05, 0x45, 0x0a, 0x7e, 0x2c, 0x05, 0x58, 0x0a,
    0x2d, 0x07, 0x5a, 0x0a, 0x2e, 0x09, 0x5c, 0x0a, 0x2f, 0x0b, 0x5e, 0x0a, 0x2c, 0x99, 0x58, 0x0a,
    0x2d, 0x9b, 0x5a, 0x0a, 0x2e, 0x9d, 0x5c, 0x0a, 0x2f, 0x9f, 0x5e, 0x0a, 0x76, 0x0f, 0x8c, 0xbf,
    0x00, 0x10, 0x5c, 0xe0, 0x2a, 0x08, 0x83, 0x80, 0x02, 0x00, 0x05, 0xd1, 0x30, 0x0d, 0x00, 0x20,
    0x03, 0x00, 0x05, 0xd1, 0x31, 0x0d, 0x00, 0x20, 0x04, 0x00, 0x05, 0xd1, 0x32, 0x0d, 0x00, 0x20,
    0x05, 0x00, 0x05, 0xd1, 0x33, 0x0d, 0x00, 0x20, 0x02, 0x41, 0x04, 0x7e, 0x03, 0x41, 0x06, 0x7e,
    0x04, 0x41, 0x08, 0x7e, 0x05, 0x41, 0x0a, 0x7e, 0x00, 0x10, 0x5c, 0xe0, 0x2b, 0x0c, 0x83, 0x80,
    0x02, 0x00, 0x01, 0xd1, 0x02, 0xe5, 0x01, 0x00, 0x03, 0x00, 0x01, 0xd1, 0x03, 0xe5, 0x01, 0x00,
    0x04, 0x00, 0x01, 0xd1, 0x04, 0xe5, 0x01, 0x00, 0x05, 0x00, 0x01, 0xd1, 0x05, 0xe5, 0x01, 0x00,
    0x02, 0x45, 0x04, 0x7e, 0x03, 0x45, 0x06, 0x7e, 0x04, 0x45, 0x08, 0x7e, 0x05, 0x45, 0x0a, 0x7e,
    0x30, 0x05, 0x60, 0x0a, 0x31, 0x07, 0x62, 0x0a, 0x32, 0x09, 0x64, 0x0a, 0x33, 0x0b, 0x66, 0x0a,
    0x30, 0xa1, 0x60, 0x0a, 0x31, 0xa3, 0x62, 0x0a, 0x32, 0xa5, 0x64, 0x0a, 0x33, 0xa7, 0x66, 0x0a,
    0x76, 0x0f, 0x8c, 0xbf, 0x00, 0x14, 0x5c, 0xe0, 0x28, 0x10, 0x83, 0x80, 0x02, 0x00, 0x05, 0xd1,
    0x34, 0x0d, 0x00, 0x20, 0x03, 0x00, 0x05, 0xd1, 0x35, 0x0d, 0x00, 0x20, 0x04, 0x00, 0x05, 0xd1,
    0x36, 0x0d, 0x00, 0x20, 0x05, 0x00, 0x05, 0xd1, 0x37, 0x0d, 0x00, 0x20, 0x02, 0x41, 0x04, 0x7e,
    0x03, 0x41, 0x06, 0x7e, 0x04, 0x41, 0x08, 0x7e, 0x05, 0x41, 0x0a, 0x7e, 0x00, 0x14, 0x5c, 0xe0,
    0x29, 0x14, 0x83, 0x80, 0x02, 0x00, 0x01, 0xd1, 0x02, 0xe5, 0x01, 0x00, 0x03, 0x00, 0x01, 0xd1,
    0x03, 0xe5, 0x01, 0x00, 0x04, 0x00, 0x01, 0xd1, 0x04, 0xe5, 0x01, 0x00, 0x05, 0x00, 0x01, 0xd1,
    0x05, 0xe5, 0x01, 0x00, 0x02, 0x45, 0x04, 0x7e, 0x03, 0x45, 0x06, 0x7e, 0x04, 0x45, 0x08, 0x7e,
    0x05, 0x45, 0x0a, 0x7e, 0x34, 0x05, 0x68, 0x0a, 0x35, 0x07, 0x6a, 0x0a, 0x36, 0x09, 0x6c, 0x0a,
    0x37, 0x0b, 0x6e, 0x0a, 0x34, 0xa9, 0x68, 0x0a, 0x35, 0xab, 0x6a, 0x0a, 0x36, 0xad, 0x6c, 0x0a,
    0x37, 0xaf, 0x6e, 0x0a, 0x76, 0x0f, 0x8c, 0xbf, 0x00, 0x14, 0x5c, 0xe0, 0x2a, 0x18, 0x83, 0x80,
    0x02, 0x00, 0x05, 0xd1, 0x38, 0x0d, 0x00, 0x20, 0x03, 0x00, 0x05, 0xd1, 0x39, 0x0d, 0x00, 0x20,
    0x04, 0x00, 0x05, 0xd1, 0x3a, 0x0d, 0x00, 0x20, 0x05, 0x00, 0x05, 0xd1, 0x3b, 0x0d, 0x00, 0x20,
    0x02, 0x41, 0x04, 0x7e, 0x03, 0x41, 0x06, 0x7e, 0x04, 0x41, 0x08, 0x7e, 0x05, 0x41, 0x0a, 0x7e,
    0x00, 0x14, 0x5c, 0xe0, 0x2b, 0x1c, 0x83, 0x80, 0x02, 0x00, 0x01, 0xd1, 0x02, 0xe5, 0x01, 0x00,
    0x03, 0x00, 0x01, 0xd1, 0x03, 0xe5, 0x01, 0x00, 0x04, 0x00, 0x01, 0xd1, 0x04, 0xe5, 0x01, 0x00,
    0x05, 0x00, 0x01, 0xd1, 0x05, 0xe5, 0x01, 0x00, 0x02, 0x45, 0x04, 0x7e, 0x03, 0x45, 0x06, 0x7e,
    0x04, 0x45, 0x08, 0x7e, 0x05, 0x45, 0x0a, 0x7e, 0x38, 0x05, 0x70, 0x0a, 0x39, 0x07, 0x72, 0x0a,
    0x3a, 0x09, 0x74, 0x0a, 0x3b, 0x0b, 0x76, 0x0a, 0x38, 0xb1, 0x70, 0x0a, 0x39, 0xb3, 0x72, 0x0a,
    0x3a, 0xb5, 0x74, 0x0a, 0x3b, 0xb7, 0x76, 0x0a, 0x76, 0x0f, 0x8c, 0xbf, 0x02, 0x00, 0x05, 0xd1,
    0x3c, 0x0d, 0x00, 0x20, 0x03, 0x00, 0x05, 0xd1, 0x3d, 0x0d, 0x00, 0x20, 0x04, 0x00, 0x05, 0xd1,
    0x3e, 0x0d, 0x00, 0x20, 0x05, 0x00, 0x05, 0xd1, 0x3f, 0x0d, 0x00, 0x20, 0x02, 0x41, 0x04, 0x7e,
    0x03, 0x41, 0x06, 0x7e, 0x04, 0x41, 0x08, 0x7e, 0x05, 0x41, 0x0a, 0x7e, 0x02, 0x00, 0x01, 0xd1,
    0x02, 0xe5, 0x01, 0x00, 0x03, 0x00, 0x01, 0xd1, 0x03, 0xe5, 0x01, 0x00, 0x04, 0x00, 0x01, 0xd1,
    0x04, 0xe5, 0x01, 0x00, 0x05, 0x00, 0x01, 0xd1, 0x05, 0xe5, 0x01, 0x00, 0x02, 0x45, 0x04, 0x7e,
    0x03, 0x45, 0x06, 0x7e, 0x04, 0x45, 0x08, 0x7e, 0x05, 0x45, 0x0a, 0x7e, 0x3c, 0x05, 0x78, 0x0a,
    0x3d, 0x07, 0x7a, 0x0a, 0x3e, 0x09, 0x7c, 0x0a, 0x3f, 0x0b, 0x7e, 0x0a, 0x3c, 0xb9, 0x78, 0x0a,
    0x3d, 0xbb, 0x7a, 0x0a, 0x3e, 0xbd, 0x7c, 0x0a, 0x3f, 0xbf, 0x7e, 0x0a, 0x76, 0x0f, 0x8c, 0xbf,
    0x02, 0x00, 0x05, 0xd1, 0x40, 0x0d, 0x00, 0x20, 0x03, 0x00, 0x05, 0xd1, 0x41, 0x0d, 0x00, 0x20,
    0x04, 0x00, 0x05, 0xd1, 0x42, 0x0d, 0x00, 0x20, 0x05, 0x00, 0x05, 0xd1, 0x43, 0x0d, 0x00, 0x20,
    0x02, 0x41, 0x04, 0x7e, 0x03, 0x41, 0x06, 0x7e, 0x04, 0x41, 0x08, 0x7e, 0x05, 0x41, 0x0a, 0x7e,
    0x02, 0x00, 0x01, 0xd1, 0x02, 0xe5, 0x01, 0x00, 0x03, 0x00, 0x01, 0xd1, 0x03, 0xe5, 0x01, 0x00,
    0x04, 0x00, 0x01, 0xd1, 0x04, 0xe5, 0x01, 0x00, 0x05, 0x00, 0x01, 0xd1, 0x05, 0xe5, 0x01, 0x00,
    0x02, 0x45, 0x04, 0x7e, 0x03, 0x45, 0x06, 0x7e, 0x04, 0x45, 0x08, 0x7e, 0x05, 0x45, 0x0a, 0x7e,
    0x40, 0x05, 0x80, 0x0a, 0x41, 0x07, 0x82, 0x0a, 0x42, 0x09, 0x84, 0x0a, 0x43, 0x0b, 0x86, 0x0a,
    0x40, 0xc1, 0x80, 0x0a, 0x41, 0xc3, 0x82, 0x0a, 0x42, 0xc5, 0x84, 0x0a, 0x43, 0xc7, 0x86, 0x0a,
    0x76, 0x0f, 0x8c, 0xbf, 0x02, 0x00, 0x05, 0xd1, 0x44, 0x0d, 0x00, 0x20, 0x03, 0x00, 0x05, 0xd1,
    0x45, 0x0d, 0x00, 0x20, 0x04, 0x00, 0x05, 0xd1, 0x46, 0x0d, 0x00, 0x20, 0x05, 0x00, 0x05, 0xd1,
    0x47, 0x0d, 0x00, 0x20, 0x02, 0x41, 0x04, 0x7e, 0x03, 0x41, 0x06, 0x7e, 0x04, 0x41, 0x08, 0x7e,
    0x05, 0x41, 0x0a, 0x7e, 0x02, 0x00, 0x01, 0xd1, 0x02, 0xe5, 0x01, 0x00, 0x03, 0x00, 0x01, 0xd1,
    0x03, 0xe5, 0x01, 0x00, 0x04, 0x00, 0x01, 0xd1, 0x04, 0xe5, 0x01, 0x00, 0x05, 0x00, 0x01, 0xd1,
    0x05, 0xe5, 0x01, 0x00, 0x02, 0x45, 0x04, 0x7e, 0x03, 0x45, 0x06, 0x7e, 0x04, 0x45, 0x08, 0x7e,
    0x05, 0x45, 0x0a, 0x7e, 0x44, 0x05, 0x88, 0x0a, 0x45, 0x07, 0x8a, 0x0a, 0x46, 0x09, 0x8c, 0x0a,
    0x47, 0x0b, 0x8e, 0x0a, 0x44, 0xc9, 0x88, 0x0a, 0x45, 0xcb, 0x8a, 0x0a, 0x46, 0xcd, 0x8c, 0x0a,
    0x47, 0xcf, 0x8e, 0x0a, 0x76, 0x0f, 0x8c, 0xbf, 0x02, 0x00, 0x05, 0xd1, 0x48, 0x0d, 0x00, 0x20,
    0x03, 0x00, 0x05, 0xd1, 0x49, 0x0d, 0x00, 0x20, 0x04, 0x00, 0x05, 0xd1, 0x4a, 0x0d, 0x00, 0x20,
    0x05, 0x00, 0x05, 0xd1, 0x4b, 0x0d, 0x00, 0x20, 0x02, 0x41, 0x04, 0x7e, 0x03, 0x41, 0x06, 0x7e,
    0x04, 0x41, 0x08, 0x7e, 0x05, 0x41, 0x0a, 0x7e, 0x02, 0x00, 0x01, 0xd1, 0x02, 0xe5, 0x01, 0x00,
    0x03, 0x00, 0x01, 0xd1, 0x03, 0xe5, 0x01, 0x00, 0x04, 0x00, 0x01, 0xd1, 0x04, 0xe5, 0x01, 0x00,
    0x05, 0x00, 0x01, 0xd1, 0x05, 0xe5, 0x01, 0x00, 0x02, 0x45, 0x04, 0x7e, 0x03, 0x45, 0x06, 0x7e,
    0x04, 0x45, 0x08, 0x7e, 0x05, 0x45, 0x0a, 0x7e, 0x48, 0x05, 0x90, 0x0a, 0x49, 0x07, 0x92, 0x0a,
    0x4a, 0x09, 0x94, 0x0a, 0x4b, 0x0b, 0x96, 0x0a, 0x48, 0xd1, 0x90, 0x0a, 0x49, 0xd3, 0x92, 0x0a,
    0x4a, 0xd5, 0x94, 0x0a, 0x4b, 0xd7, 0x96, 0x0a, 0x82, 0x00, 0x04, 0x24, 0x52, 0x47, 0x3c, 0x92,
    0x5c, 0x00, 0x34, 0xd1, 0x02, 0x79, 0x00, 0x00, 0x80, 0x02, 0xba, 0x7e, 0x53, 0x47, 0x3c, 0x92,
    0x5e, 0x00, 0x34, 0xd1, 0x02, 0x79, 0x00, 0x00, 0x80, 0x02, 0xbe, 0x7e, 0x54, 0x47, 0x3c, 0x92,
    0x60, 0x00, 0x34, 0xd1, 0x02, 0x79, 0x00, 0x00, 0x80, 0x02, 0xc2, 0x7e, 0x55, 0x47, 0x3c, 0x92,
    0x62, 0x00, 0x34, 0xd1, 0x02, 0x79, 0x00, 0x00, 0x80, 0x02, 0xc6, 0x7e, 0x56, 0x47, 0x3c, 0x92,
    0x64, 0x00, 0x34, 0xd1, 0x02, 0x79, 0x00, 0x00, 0x80, 0x02, 0xca, 0x7e, 0x57, 0x47, 0x3c, 0x92,
    0x66, 0x00, 0x34, 0xd1, 0x02, 0x79, 0x00, 0x00, 0x80, 0x02, 0xce, 0x7e, 0x58, 0x47, 0x3c, 0x92,
    0x68, 0x00, 0x34, 0xd1, 0x02, 0x79, 0x00, 0x00, 0x80, 0x02, 0xd2, 0x7e, 0x59, 0x47, 0x3c, 0x92,
    0x6a, 0x00, 0x34, 0xd1, 0x02, 0x79, 0x00, 0x00, 0x80, 0x02, 0xd6, 0x7e, 0x00, 0x10, 0x50, 0xe0,
    0x0a, 0x15, 0x04, 0x80, 0x00, 0x10, 0x50, 0xe0, 0x0b, 0x16, 0x04, 0x80, 0xff, 0x02, 0x3e, 0x7e,
    0xbd, 0x37, 0x86, 0x35, 0xff, 0x02, 0x40, 0x7e, 0xbd, 0x37, 0x86, 0x35, 0x1f, 0x03, 0xd3, 0xd1,
    0x2c, 0x5b, 0x7e, 0x04, 0x1f, 0x03, 0xd3, 0xd1, 0x2e, 0x5f, 0x7e, 0x04, 0x1f, 0x03, 0xd3, 0xd1,
    0x30, 0x63, 0x7e, 0x04, 0x1f, 0x03, 0xd3, 0xd1, 0x32, 0x67, 0x7e, 0x04, 0x20, 0x03, 0xd3, 0xd1,
    0x3c, 0x7b, 0x82, 0x04, 0x20, 0x03, 0xd3, 0xd1, 0x3e, 0x7f, 0x82, 0x04, 0x20, 0x03, 0xd3, 0xd1,
    0x40, 0x83, 0x82, 0x04, 0x20, 0x03, 0xd3, 0xd1, 0x42, 0x87, 0x82, 0x04, 0x1f, 0x03, 0x04, 0x7e,
    0x01, 0x00, 0x80, 0xbf, 0x1f, 0xb5, 0x04, 0x7e, 0x02, 0x3f, 0x3e, 0x16, 0x1f, 0x03, 0x04, 0x7e,
    0x01, 0x00, 0x80, 0xbf, 0x1f, 0xb3, 0x04, 0x7e, 0x02, 0x3f, 0x3e, 0x16, 0x20, 0x03, 0x04, 0x7e,
    0x01, 0x00, 0x80, 0xbf, 0x20, 0xb5, 0x04, 0x7e, 0x02, 0x41, 0x40, 0x16, 0x20, 0x03, 0x04, 0x7e,
    0x01, 0x00, 0x80, 0xbf, 0x20, 0xb3, 0x04, 0x7e, 0x02, 0x41, 0x40, 0x16, 0xff, 0x02, 0x04, 0x7e,
    0x00, 0x00, 0x80, 0x3e, 0x02, 0x3f, 0x3e, 0x0a, 0x02, 0x41, 0x40, 0x0a, 0xff, 0x02, 0x02, 0x7e,
    0x00, 0x00, 0xff, 0x7f, 0xff, 0x02, 0x0a, 0x7e, 0xff, 0xff, 0xbf, 0x7f, 0x02, 0x00, 0xc8, 0xd1,
    0x1f, 0x2d, 0x05, 0x02, 0x1f, 0x0b, 0x06, 0x26, 0x3c, 0x00, 0xca, 0xd0, 0x03, 0x01, 0x01, 0x00,
    0x04, 0x00, 0x00, 0xd1, 0x81, 0x00, 0xf1, 0x00, 0x04, 0x05, 0x08, 0x26, 0x05, 0x00, 0xc8, 0xd1,
    0x1f, 0x2f, 0x21, 0x02, 0x05, 0x09, 0x0a, 0x68, 0x3c, 0x00, 0x48, 0xd0, 0x1f, 0x3f, 0x02, 0x00,
    0x97, 0x0a, 0x3e, 0x24, 0x1f, 0x00, 0x00, 0xd1, 0x1f, 0x03, 0xf2, 0x00, 0xff, 0x02, 0x0a, 0x7e,
    0xff, 0xff, 0xbf, 0x7f, 0x02, 0x00, 0xc8, 0xd1, 0x20, 0x2d, 0x05, 0x02, 0x20, 0x0b, 0x06, 0x26,
    0x3c, 0x00, 0xca, 0xd0, 0x03, 0x01, 0x01, 0x00, 0x04, 0x00, 0x00, 0xd1, 0x81, 0x00, 0xf1, 0x00,
    0x04, 0x05, 0x08, 0x26, 0x05, 0x00, 0xc8, 0xd1, 0x20, 0x2f, 0x21, 0x02, 0x05, 0x09, 0x0a, 0x68,
    0x3c, 0x00, 0x48, 0xd0, 0x20, 0x41, 0x02, 0x00, 0x97, 0x0a, 0x40, 0x24, 0x20, 0x00, 0x00, 0xd1,
    0x20, 0x03, 0xf2, 0x00, 0xff, 0x00, 0xbc, 0xbe, 0xff, 0xff, 0x00, 0x00, 0x2c, 0x00, 0x3d, 0xd2,
    0x2c, 0x5b, 0x7e, 0x04, 0x2c, 0x20, 0x3d, 0xd2, 0x2e, 0x5f, 0x7e, 0x04, 0x30, 0x00, 0x3d, 0xd2,
    0x30, 0x63, 0x7e, 0x04, 0x30, 0x20, 0x3d, 0xd2, 0x32, 0x67, 0x7e, 0x04, 0x01, 0x00, 0x80, 0xbf,
    0x30, 0xb3, 0x58, 0x7e, 0x01, 0x00, 0x80, 0xbf, 0x2c, 0x00, 0x13, 0xd1, 0x2c, 0x79, 0x00, 0x00,
    0x90, 0x60, 0x60, 0x24, 0x2c, 0x61, 0x58, 0x28, 0x2c, 0x03, 0x60, 0x7e, 0x01, 0x00, 0x80, 0xbf,
    0x30, 0xb5, 0x58, 0x7e, 0x01, 0x00, 0x80, 0xbf, 0x30, 0xb3, 0x58, 0x7e, 0x01, 0x00, 0x80, 0xbf,
    0x30, 0xb5, 0x58, 0x7e, 0x01, 0x00, 0x80, 0xbf, 0x3c, 0x00, 0x3d, 0xd2, 0x3c, 0x7b, 0x82, 0x04,
    0x3c, 0x20, 0x3d, 0xd2, 0x3e, 0x7f, 0x82, 0x04, 0x40, 0x00, 0x3d, 0xd2, 0x40, 0x83, 0x82, 0x04,
    0x40, 0x20, 0x3d, 0xd2, 0x42, 0x87, 0x82, 0x04, 0x01, 0x00, 0x80, 0xbf, 0x40, 0xb3, 0x78, 0x7e,
    0x01, 0x00, 0x80, 0xbf, 0x3c, 0x00, 0x13, 0xd1, 0x3c, 0x79, 0x00, 0x00, 0x90, 0x80, 0x80, 0x24,
    0x3c, 0x81, 0x78, 0x28, 0x3c, 0x03, 0x80, 0x7e, 0x01, 0x00, 0x80, 0xbf, 0x40, 0xb5, 0x78, 0x7e,
    0x01, 0x00, 0x80, 0xbf, 0x40, 0xb3, 0x78, 0x7e, 0x01, 0x00, 0x80, 0xbf, 0x40, 0xb5, 0x78, 0x7e,
    0x01, 0x00, 0x80, 0xbf, 0xff, 0x02, 0x42, 0x7e, 0xbd, 0x37, 0x86, 0x35, 0xff, 0x02, 0x44, 0x7e,
    0xbd, 0x37, 0x86, 0x35, 0x21, 0x03, 0xd3, 0xd1, 0x34, 0x6b, 0x86, 0x04, 0x21, 0x03, 0xd3, 0xd1,
    0x36, 0x6f, 0x86, 0x04, 0x21, 0x03, 0xd3, 0xd1, 0x38, 0x73, 0x86, 0x04, 0x21, 0x03, 0xd3, 0xd1,
    0x3a, 0x77, 0x86, 0x04, 0x22, 0x03, 0xd3, 0xd1, 0x44, 0x8b, 0x8a, 0x04, 0x22, 0x03, 0xd3, 0xd1,
    0x46, 0x8f, 0x8a, 0x04, 0x22, 0x03, 0xd3, 0xd1, 0x48, 0x93, 0x8a, 0x04, 0x22, 0x03, 0xd3, 0xd1,
    0x4a, 0x97, 0x8a, 0x04, 0x21, 0x03, 0x04, 0x7e, 0x01, 0x00, 0x80, 0xbf, 0x21, 0xb5, 0x04, 0x7e,
    0x02, 0x43, 0x42, 0x16, 0x21, 0x03, 0x04, 0x7e, 0x01, 0x00, 0x80, 0xbf, 0x21, 0xb3, 0x04, 0x7e,
    0x02, 0x43, 0x42, 0x16, 0x22, 0x03, 0x04, 0x7e, 0x01, 0x00, 0x80, 0xbf, 0x22, 0xb5, 0x04, 0x7e,
    0x02, 0x45, 0x44, 0x16, 0x22, 0x03, 0x04, 0x7e, 0x01, 0x00, 0x80, 0xbf, 0x22, 0xb3, 0x04, 0x7e,
    0x02, 0x45, 0x44, 0x16, 0xff, 0x02, 0x04, 0x7e, 0x00, 0x00, 0x80, 0x3e, 0x02, 0x43, 0x42, 0x0a,
    0x02, 0x45, 0x44, 0x0a, 0xff, 0x02, 0x02, 0x7e, 0x00, 0x00, 0xff, 0x7f, 0xff, 0x02, 0x0a, 0x7e,
    0xff, 0xff, 0xbf, 0x7f, 0x02, 0x00, 0xc8, 0xd1, 0x21, 0x2d, 0x05, 0x02, 0x21, 0x0b, 0x06, 0x26,
    0x3c, 0x00, 0xca, 0xd0, 0x03, 0x01, 0x01, 0x00, 0x04, 0x00, 0x00, 0xd1, 0x81, 0x00, 0xf1, 0x00,
    0x04, 0x05, 0x08, 0x26, 0x05, 0x00, 0xc8, 0xd1, 0x21, 0x2f, 0x21, 0x02, 0x05, 0x09, 0x0a, 0x68,
    0x3c, 0x00, 0x48, 0xd0, 0x21, 0x43, 0x02, 0x00, 0x97, 0x0a, 0x42, 0x24, 0x21, 0x00, 0x00, 0xd1,
    0x21, 0x03, 0xf2, 0x00, 0xff, 0x02, 0x0a, 0x7e, 0xff, 0xff, 0xbf, 0x7f, 0x02, 0x00, 0xc8, 0xd1,
    0x22, 0x2d, 0x05, 0x02, 0x22, 0x0b, 0x06, 0x26, 0x3c, 0x00, 0xca, 0xd0, 0x03, 0x01, 0x01, 0x00,
    0x04, 0x00, 0x00, 0xd1, 0x81, 0x00, 0xf1, 0x00, 0x04, 0x05, 0x08, 0x26, 0x05, 0x00, 0xc8, 0xd1,
    0x22, 0x2f, 0x21, 0x02, 0x05, 0x09, 0x0a, 0x68, 0x3c, 0x00, 0x48, 0xd0, 0x22, 0x45, 0x02, 0x00,
    0x97, 0x0a, 0x44, 0x24, 0x22, 0x00, 0x00, 0xd1, 0x22, 0x03, 0xf2, 0x00, 0xff, 0x00, 0xbc, 0xbe,
    0xff, 0xff, 0x00, 0x00, 0x34, 0x00, 0x3d, 0xd2, 0x34, 0x6b, 0x86, 0x04, 0x34, 0x20, 0x3d, 0xd2,
    0x36, 0x6f, 0x86, 0x04, 0x38, 0x00, 0x3d, 0xd2, 0x38, 0x73, 0x86, 0x04, 0x38, 0x20, 0x3d, 0xd2,
    0x3a, 0x77, 0x86, 0x04, 0x01, 0x00, 0x80, 0xbf, 0x38, 0xb3, 0x68, 0x7e, 0x01, 0x00, 0x80, 0xbf,
    0x34, 0x00, 0x13, 0xd1, 0x34, 0x79, 0x00, 0x00, 0x90, 0x70, 0x70, 0x24, 0x34, 0x71, 0x68, 0x28,
    0x34, 0x03, 0x70, 0x7e, 0x01, 0x00, 0x80, 0xbf, 0x38, 0xb5, 0x68, 0x7e, 0x01, 0x00, 0x80, 0xbf,
    0x38, 0xb3, 0x68, 0x7e, 0x01, 0x00, 0x80, 0xbf, 0x38, 0xb5, 0x68, 0x7e, 0x01, 0x00, 0x80, 0xbf,
    0x44, 0x00, 0x3d, 0xd2, 0x44, 0x8b, 0x8a, 0x04, 0x44, 0x20, 0x3d, 0xd2, 0x46, 0x8f, 0x8a, 0x04,
    0x48, 0x00, 0x3d, 0xd2, 0x48, 0x93, 0x8a, 0x04, 0x48, 0x20, 0x3d, 0xd2, 0x4a, 0x97, 0x8a, 0x04,
    0x01, 0x00, 0x80, 0xbf, 0x48, 0xb3, 0x88, 0x7e, 0x01, 0x00, 0x80, 0xbf, 0x44, 0x00, 0x13, 0xd1,
    0x44, 0x79, 0x00, 0x00, 0x90, 0x90, 0x90, 0x24, 0x44, 0x91, 0x88, 0x28, 0x44, 0x03, 0x90, 0x7e,
    0x01, 0x00, 0x80, 0xbf, 0x48, 0xb5, 0x88, 0x7e, 0x01, 0x00, 0x80, 0xbf, 0x48, 0xb3, 0x88, 0x7e,
    0x01, 0x00, 0x80, 0xbf, 0x48, 0xb5, 0x88, 0x7e, 0x01, 0x00, 0x80, 0xbf, 0x85, 0x00, 0x04, 0x20,
    0x86, 0x04, 0x06, 0x24, 0x9f, 0x00, 0x04, 0x26, 0x84, 0x04, 0x08, 0x20, 0x04, 0x07, 0x06, 0x68,
    0x8f, 0x00, 0x04, 0x26, 0x81, 0x04, 0x04, 0x24, 0x02, 0x07, 0x06, 0x68, 0x82, 0x06, 0x04, 0x24,
    0x80, 0x00, 0xbc, 0xbe, 0x07, 0x81, 0x3d, 0x8f, 0x3d, 0xff, 0x3d, 0x92, 0x00, 0x02, 0x00, 0x00,
    0x3d, 0x3c, 0x3c, 0x80, 0x07, 0x81, 0x3d, 0x86, 0x3d, 0xff, 0x3d, 0x92, 0x80, 0x00, 0x00, 0x00,
    0x3d, 0x3c, 0x3c, 0x80, 0x02, 0x00, 0x34, 0xd1, 0x02, 0x79, 0x00, 0x00, 0x00, 0x00, 0x1a, 0xd8,
    0x02, 0x2c, 0x00, 0x00, 0x00, 0x04, 0x1a, 0xd8, 0x02, 0x34, 0x00, 0x00, 0x00, 0x08, 0x1a, 0xd8,
    0x02, 0x3c, 0x00, 0x00, 0x00, 0x0c, 0x1a, 0xd8, 0x02, 0x44, 0x00, 0x00, 0x7f, 0xc0, 0x8c, 0xbf,
    0x00, 0x00, 0x8a, 0xbf, 0x9f, 0x00, 0x04, 0x26, 0x84, 0x04, 0x04, 0x20, 0x85, 0x04, 0x06, 0x24,
    0x85, 0x00, 0x04, 0x20, 0x87, 0x04, 0x04, 0x24, 0x02, 0x07, 0x06, 0x68, 0x8f, 0x00, 0x04, 0x26,
    0x81, 0x04, 0x04, 0x24, 0x02, 0x07, 0x06, 0x68, 0x82, 0x06, 0x04, 0x24, 0x00, 0x00, 0xec, 0xd8,
    0x02, 0x00, 0x00, 0x2c, 0x00, 0x01, 0xec, 0xd8, 0x02, 0x00, 0x00, 0x2e, 0x00, 0x04, 0xec, 0xd8,
    0x02, 0x00, 0x00, 0x30, 0x00, 0x05, 0xec, 0xd8, 0x02, 0x00, 0x00, 0x32, 0x00, 0x08, 0xec, 0xd8,
    0x02, 0x00, 0x00, 0x34, 0x00, 0x09, 0xec, 0xd8, 0x02, 0x00, 0x00, 0x36, 0x00, 0x0c, 0xec, 0xd8,
    0x02, 0x00, 0x00, 0x38, 0x00, 0x0d, 0xec, 0xd8, 0x02, 0x00, 0x00, 0x3a, 0x7f, 0xc0, 0x8c, 0xbf,
    0x00, 0x00, 0x8a, 0xbf, 0x85, 0x00, 0x04, 0x20, 0x86, 0x04, 0x06, 0x24, 0x9f, 0x00, 0x04, 0x26,
    0x84, 0x04, 0x08, 0x20, 0x04, 0x07, 0x06, 0x68, 0x8f, 0x00, 0x04, 0x26, 0x81, 0x04, 0x04, 0x24,
    0x02, 0x07, 0x06, 0x68, 0x82, 0x06, 0x04, 0x24, 0x80, 0x00, 0xbc, 0xbe, 0x07, 0x81, 0x3d, 0x8f,
    0x3d, 0xff, 0x3d, 0x92, 0x00, 0x02, 0x00, 0x00, 0x3d, 0x3c, 0x3c, 0x80, 0x07, 0x81, 0x3d, 0x86,
    0x3d, 0xff, 0x3d, 0x92, 0x80, 0x00, 0x00, 0x00, 0x3d, 0x3c, 0x3c, 0x80, 0x02, 0x00, 0x34, 0xd1,
    0x02, 0x79, 0x00, 0x00, 0x00, 0x00, 0x1a, 0xd8, 0x02, 0x1f, 0x00, 0x00, 0x00, 0x04, 0x1a, 0xd8,
    0x02, 0x21, 0x00, 0x00, 0x00, 0x08, 0x1a, 0xd8, 0x02, 0x20, 0x00, 0x00, 0x00, 0x0c, 0x1a, 0xd8,
    0x02, 0x22, 0x00, 0x00, 0x7f, 0xc0, 0x8c, 0xbf, 0x00, 0x00, 0x8a, 0xbf, 0x9f, 0x00, 0x04, 0x26,
    0x84, 0x04, 0x04, 0x20, 0x85, 0x04, 0x06, 0x24, 0x85, 0x00, 0x04, 0x20, 0x87, 0x04, 0x04, 0x24,
    0x02, 0x07, 0x06, 0x68, 0x8f, 0x00, 0x04, 0x26, 0x81, 0x04, 0x04, 0x24, 0x02, 0x07, 0x06, 0x68,
    0x82, 0x06, 0x04, 0x24, 0x00, 0x00, 0x6c, 0xd8, 0x02, 0x00, 0x00, 0x1f, 0x00, 0x04, 0x6c, 0xd8,
    0x02, 0x00, 0x00, 0x21, 0x00, 0x08, 0x6c, 0xd8, 0x02, 0x00, 0x00, 0x20, 0x00, 0x0c, 0x6c, 0xd8,
    0x02, 0x00, 0x00, 0x22, 0x7f, 0xc0, 0x8c, 0xbf, 0x00, 0x00, 0x8a, 0xbf, 0x1f, 0x00, 0xc8, 0xd1,
    0x1f, 0x2f, 0x21, 0x02, 0x20, 0x00, 0xc8, 0xd1, 0x20, 0x2f, 0x21, 0x02, 0x21, 0x00, 0xc8, 0xd1,
    0x21, 0x2f, 0x21, 0x02, 0x22, 0x00, 0xc8, 0xd1, 0x22, 0x2f, 0x21, 0x02, 0x80, 0x02, 0x04, 0x7e,
    0x80, 0x3e, 0x3e, 0x24, 0x02, 0x3f, 0x04, 0x28, 0x88, 0x40, 0x40, 0x24, 0x02, 0x41, 0x04, 0x28,
    0x90, 0x42, 0x42, 0x24, 0x02, 0x43, 0x04, 0x28, 0x98, 0x44, 0x44, 0x24, 0x02, 0x45, 0x04, 0x28,
    0x02, 0x03, 0x3e, 0x7e, 0x38, 0x0c, 0x0c, 0x80, 0x80, 0x0d, 0x0d, 0x82, 0x4f, 0x10, 0x10, 0x80,
    0x80, 0x11, 0x11, 0x82, 0x7f, 0xc0, 0x8c, 0xbf, 0x00, 0x00, 0x8a, 0xbf, 0x80, 0x02, 0xd8, 0x7e,
    0x80, 0x02, 0x18, 0x7f, 0x80, 0x02, 0xda, 0x7e, 0x80, 0x02, 0x1a, 0x7f, 0x80, 0x02, 0xdc, 0x7e,
    0x80, 0x02, 0x1c, 0x7f, 0x80, 0x02, 0xde, 0x7e, 0x80, 0x02, 0x1e, 0x7f, 0x80, 0x02, 0xe0, 0x7e,
    0x80, 0x02, 0x20, 0x7f, 0x80, 0x02, 0xe2, 0x7e, 0x80, 0x02, 0x22, 0x7f, 0x80, 0x02, 0xe4, 0x7e,
    0x80, 0x02, 0x24, 0x7f, 0x80, 0x02, 0xe6, 0x7e, 0x80, 0x02, 0x26, 0x7f, 0x80, 0x02, 0xe8, 0x7e,
    0x80, 0x02, 0x28, 0x7f, 0x80, 0x02, 0xea, 0x7e, 0x80, 0x02, 0x2a, 0x7f, 0x80, 0x02, 0xec, 0x7e,
    0x80, 0x02, 0x2c, 0x7f, 0x80, 0x02, 0xee, 0x7e, 0x80, 0x02, 0x2e, 0x7f, 0x80, 0x02, 0xf0, 0x7e,
    0x80, 0x02, 0x30, 0x7f, 0x80, 0x02, 0xf2, 0x7e, 0x80, 0x02, 0x32, 0x7f, 0x80, 0x02, 0xf4, 0x7e,
    0x80, 0x02, 0x34, 0x7f, 0x80, 0x02, 0xf6, 0x7e, 0x80, 0x02, 0x36, 0x7f, 0x00, 0x00, 0x9a, 0xd8,
    0x08, 0x6c, 0x00, 0x00, 0x00, 0x22, 0x9a, 0xd8, 0x08, 0x6e, 0x00, 0x00, 0x20, 0x02, 0x9a, 0xd8,
    0x08, 0x70, 0x00, 0x00, 0x20, 0x24, 0x9a, 0xd8, 0x08, 0x72, 0x00, 0x00, 0x00, 0x11, 0x9a, 0xd8,
    0x08, 0x74, 0x00, 0x00, 0x00, 0x33, 0x9a, 0xd8, 0x08, 0x76, 0x00, 0x00, 0x20, 0x13, 0x9a, 0xd8,
    0x08, 0x78, 0x00, 0x00, 0x20, 0x35, 0x9a, 0xd8, 0x08, 0x7a, 0x00, 0x00, 0x80, 0x00, 0xd0, 0xbe,
    0x00, 0x00, 0x8c, 0xbf, 0x76, 0x40, 0x8c, 0xbf, 0x00, 0x00, 0x8a, 0xbf, 0x00, 0x60, 0xac, 0xd3,
    0x15, 0x3f, 0x02, 0x00, 0x6c, 0x0c, 0xad, 0xd3, 0x00, 0x59, 0x02, 0x8a, 0x00, 0x10, 0x5c, 0xe0,
    0x28, 0x20, 0x83, 0x80, 0x00, 0x70, 0xac, 0xd3, 0x15, 0x3f, 0x02, 0x00, 0x70, 0x0c, 0xad, 0xd3,
    0x00, 0x69, 0x02, 0x8a, 0x00, 0x00, 0x6c, 0xd8, 0x09, 0x00, 0x00, 0x4c, 0x00, 0x11, 0x6c, 0xd8,
    0x09, 0x00, 0x00, 0x4d, 0x08, 0x00, 0x6c, 0xd8, 0x09, 0x00, 0x00, 0x4e, 0x08, 0x11, 0x6c, 0xd8,
    0x09, 0x00, 0x00, 0x4f, 0x00, 0x68, 0xac, 0xd3, 0x15, 0x3f, 0x02, 0x00, 0x74, 0x0c, 0xad, 0xd3,
    0x04, 0x59, 0x02, 0x8a, 0x00, 0x10, 0x5c, 0xe0, 0x29, 0x24, 0x83, 0x80, 0x00, 0x10, 0x50, 0xe0,
    0x0a, 0x17, 0x04, 0x80, 0x00, 0x10, 0x50, 0xe0, 0x0b, 0x18, 0x04, 0x80, 0x00, 0x78, 0xac, 0xd3,
    0x15, 0x3f, 0x02, 0x00, 0x78, 0x0c, 0xad, 0xd3, 0x04, 0x69, 0x02, 0x8a, 0x20, 0x00, 0x6c, 0xd8,
    0x09, 0x00, 0x00, 0x50, 0x20, 0x11, 0x6c, 0xd8, 0x09, 0x00, 0x00, 0x51, 0x28, 0x00, 0x6c, 0xd8,
    0x09, 0x00, 0x00, 0x52, 0x28, 0x11, 0x6c, 0xd8, 0x09, 0x00, 0x00, 0x53, 0x78, 0x4f, 0x8c, 0xbf,
    0x00, 0x60, 0xac, 0xd3, 0x16, 0x3f, 0x02, 0x00, 0x7c, 0x0c, 0xad, 0xd3, 0x08, 0x59, 0x02, 0x8a,
    0x00, 0x10, 0x5c, 0xe0, 0x2a, 0x28, 0x83, 0x80, 0x00, 0x70, 0xac, 0xd3, 0x16, 0x3f, 0x02, 0x00,
    0x80, 0x0c, 0xad, 0xd3, 0x08, 0x69, 0x02, 0x8a, 0x00, 0x22, 0x6c, 0xd8, 0x09, 0x00, 0x00, 0x54,
    0x00, 0x33, 0x6c, 0xd8, 0x09, 0x00, 0x00, 0x55, 0x08, 0x22, 0x6c, 0xd8, 0x09, 0x00, 0x00, 0x56,
    0x08, 0x33, 0x6c, 0xd8, 0x09, 0x00, 0x00, 0x57, 0x00, 0x68, 0xac, 0xd3, 0x16, 0x3f, 0x02, 0x00,
    0x84, 0x0c, 0xad, 0xd3, 0x0c, 0x59, 0x02, 0x8a, 0x00, 0x10, 0x5c, 0xe0, 0x2b, 0x2c, 0x83, 0x80,
    0x00, 0x78, 0xac, 0xd3, 0x16, 0x3f, 0x02, 0x00, 0x88, 0x0c, 0xad, 0xd3, 0x0c, 0x69, 0x02, 0x8a,
    0x20, 0x22, 0x6c, 0xd8, 0x09, 0x00, 0x00, 0x58, 0x20, 0x33, 0x6c, 0xd8, 0x09, 0x00, 0x00, 0x59,
    0x28, 0x22, 0x6c, 0xd8, 0x09, 0x00, 0x00, 0x5a, 0x28, 0x33, 0x6c, 0xd8, 0x09, 0x00, 0x00, 0x5b,
    0x78, 0x4f, 0x8c, 0xbf, 0x00, 0x60, 0xac, 0xd3, 0x15, 0x3f, 0x02, 0x18, 0x6c, 0x0c, 0xad, 0xd3,
    0x10, 0x61, 0xb2, 0x8d, 0x00, 0x14, 0x5c, 0xe0, 0x28, 0x30, 0x83, 0x80, 0x00, 0x70, 0xac, 0xd3,
    0x15, 0x3f, 0x02, 0x18, 0x70, 0x0c, 0xad, 0xd3, 0x10, 0x71, 0xc2, 0x8d, 0x00, 0x44, 0x9a, 0xd8,
    0x08, 0x8c, 0x00, 0x00, 0x00, 0x66, 0x9a, 0xd8, 0x08, 0x8e, 0x00, 0x00, 0x00, 0x68, 0xac, 0xd3,
    0x15, 0x3f, 0x02, 0x18, 0x74, 0x0c, 0xad, 0xd3, 0x14, 0x61, 0xd2, 0x8d, 0x00, 0x14, 0x5c, 0xe0,
    0x29, 0x34, 0x83, 0x80, 0x00, 0x78, 0xac, 0xd3, 0x15, 0x3f, 0x02, 0x18, 0x78, 0x0c, 0xad, 0xd3,
    0x14, 0x71, 0xe2, 0x8d, 0x20, 0x46, 0x9a, 0xd8, 0x08, 0x90, 0x00, 0x00, 0x20, 0x68, 0x9a, 0xd8,
    0x08, 0x92, 0x00, 0x00, 0x78, 0x4f, 0x8c, 0xbf, 0x00, 0x60, 0xac, 0xd3, 0x16, 0x3f, 0x02, 0x18,
    0x7c, 0x0c, 0xad, 0xd3, 0x18, 0x61, 0xf2, 0x8d, 0x00, 0x14, 0x5c, 0xe0, 0x2a, 0x38, 0x83, 0x80,
    0x00, 0x70, 0xac, 0xd3, 0x16, 0x3f, 0x02, 0x18, 0x80, 0x0c, 0xad, 0xd3, 0x18, 0x71, 0x02, 0x8e,
    0x00, 0x55, 0x9a, 0xd8, 0x08, 0x94, 0x00, 0x00, 0x00, 0x77, 0x9a, 0xd8, 0x08, 0x96, 0x00, 0x00,
    0x00, 0x68, 0xac, 0xd3, 0x16, 0x3f, 0x02, 0x18, 0x84, 0x0c, 0xad, 0xd3, 0x1c, 0x61, 0x12, 0x8e,
    0x00, 0x14, 0x5c, 0xe0, 0x2b, 0x3c, 0x83, 0x80, 0x00, 0x78, 0xac, 0xd3, 0x16, 0x3f, 0x02, 0x18,
    0x88, 0x0c, 0xad, 0xd3, 0x1c, 0x71, 0x22, 0x8e, 0x20, 0x57, 0x9a, 0xd8, 0x08, 0x98, 0x00, 0x00,
    0x20, 0x79, 0x9a, 0xd8, 0x08, 0x9a, 0x00, 0x00, 0xff, 0x50, 0x3c, 0x80, 0x00, 0x02, 0x00, 0x00,
    0x3c, 0x51, 0x0a, 0xbf, 0x38, 0x80, 0x38, 0x85, 0x4e, 0x80, 0x4e, 0x85, 0x4f, 0x80, 0x4f, 0x85,
    0x38, 0x0c, 0x0c, 0x80, 0x80, 0x0d, 0x0d, 0x82, 0x4f, 0x10, 0x10, 0x80, 0x80, 0x11, 0x11, 0x82,
    0x1d, 0x03, 0x04, 0x7e, 0x1d, 0x03, 0x06, 0x7e, 0x6c, 0x40, 0xb1, 0xd3, 0x02, 0xd9, 0x02, 0x18,
    0x6e, 0x40, 0xb1, 0xd3, 0x02, 0xdd, 0x02, 0x18, 0x74, 0x40, 0xb1, 0xd3, 0x02, 0xe9, 0x02, 0x18,
    0x76, 0x40, 0xb1, 0xd3, 0x02, 0xed, 0x02, 0x18, 0x7c, 0x40, 0xb1, 0xd3, 0x02, 0xf9, 0x02, 0x18,
    0x7e, 0x40, 0xb1, 0xd3, 0x02, 0xfd, 0x02, 0x18, 0x84, 0x40, 0xb1, 0xd3, 0x02, 0x09, 0x03, 0x18,
    0x86, 0x40, 0xb1, 0xd3, 0x02, 0x0d, 0x03, 0x18, 0x1e, 0x03, 0x04, 0x7e, 0x1e, 0x03, 0x06, 0x7e,
    0x70, 0x40, 0xb1, 0xd3, 0x02, 0xe1, 0x02, 0x18, 0x72, 0x40, 0xb1, 0xd3, 0x02, 0xe5, 0x02, 0x18,
    0x78, 0x40, 0xb1, 0xd3, 0x02, 0xf1, 0x02, 0x18, 0x7a, 0x40, 0xb1, 0xd3, 0x02, 0xf5, 0x02, 0x18,
    0x80, 0x40, 0xb1, 0xd3, 0x02, 0x01, 0x03, 0x18, 0x82, 0x40, 0xb1, 0xd3, 0x02, 0x05, 0x03, 0x18,
    0x88, 0x40, 0xb1, 0xd3, 0x02, 0x11, 0x03, 0x18, 0x8a, 0x40, 0xb1, 0xd3, 0x02, 0x15, 0x03, 0x18,
    0x6c, 0x00, 0x68, 0xd2, 0x6c, 0xdb, 0x02, 0x00, 0x6d, 0x00, 0x68, 0xd2, 0x6e, 0xdf, 0x02, 0x00,
    0x6e, 0x00, 0x68, 0xd2, 0x70, 0xe3, 0x02, 0x00, 0x6f, 0x00, 0x68, 0xd2, 0x72, 0xe7, 0x02, 0x00,
    0x70, 0x00, 0x68, 0xd2, 0x74, 0xeb, 0x02, 0x00, 0x71, 0x00, 0x68, 0xd2, 0x76, 0xef, 0x02, 0x00,
    0x72, 0x00, 0x68, 0xd2, 0x78, 0xf3, 0x02, 0x00, 0x73, 0x00, 0x68, 0xd2, 0x7a, 0xf7, 0x02, 0x00,
    0x74, 0x00, 0x68, 0xd2, 0x7c, 0xfb, 0x02, 0x00, 0x75, 0x00, 0x68, 0xd2, 0x7e, 0xff, 0x02, 0x00,
    0x76, 0x00, 0x68, 0xd2, 0x80, 0x03, 0x03, 0x00, 0x77, 0x00, 0x68, 0xd2, 0x82, 0x07, 0x03, 0x00,
    0x78, 0x00, 0x68, 0xd2, 0x84, 0x0b, 0x03, 0x00, 0x79, 0x00, 0x68, 0xd2, 0x86, 0x0f, 0x03, 0x00,
    0x7a, 0x00, 0x68, 0xd2, 0x88, 0x13, 0x03, 0x00, 0x7b, 0x00, 0x68, 0xd2, 0x8a, 0x17, 0x03, 0x00,
    0x50, 0xff, 0x09, 0xbf, 0x00, 0x02, 0x00, 0x00, 0xff, 0x3b, 0x3b, 0x85, 0x00, 0x02, 0x00, 0x00,
    0x14, 0x01, 0xfe, 0xbe, 0x00, 0x80, 0x48, 0xdd, 0x5c, 0x4c, 0x08, 0x00, 0x24, 0x01, 0xfe, 0xbe,
    0x14, 0x01, 0xfe, 0xbe, 0x00, 0x81, 0x48, 0xdd, 0x5c, 0x4d, 0x08, 0x00, 0x24, 0x01, 0xfe, 0xbe,
    0x16, 0x01, 0xfe, 0xbe, 0x00, 0x80, 0x48, 0xdd, 0x5e, 0x4e, 0x08, 0x00, 0x24, 0x01, 0xfe, 0xbe,
    0x16, 0x01, 0xfe, 0xbe, 0x00, 0x81, 0x48, 0xdd, 0x5e, 0x4f, 0x08, 0x00, 0x24, 0x01, 0xfe, 0xbe,
    0x18, 0x01, 0xfe, 0xbe, 0x00, 0x80, 0x48, 0xdd, 0x60, 0x50, 0x08, 0x00, 0x24, 0x01, 0xfe, 0xbe,
    0x18, 0x01, 0xfe, 0xbe, 0x00, 0x81, 0x48, 0xdd, 0x60, 0x51, 0x08, 0x00, 0x24, 0x01, 0xfe, 0xbe,
    0x1a, 0x01, 0xfe, 0xbe, 0x00, 0x80, 0x48, 0xdd, 0x62, 0x52, 0x08, 0x00, 0x24, 0x01, 0xfe, 0xbe,
    0x1a, 0x01, 0xfe, 0xbe, 0x00, 0x81, 0x48, 0xdd, 0x62, 0x53, 0x08, 0x00, 0x24, 0x01, 0xfe, 0xbe,
    0x1c, 0x01, 0xfe, 0xbe, 0x00, 0x80, 0x48, 0xdd, 0x64, 0x54, 0x08, 0x00, 0x24, 0x01, 0xfe, 0xbe,
    0x1c, 0x01, 0xfe, 0xbe, 0x00, 0x81, 0x48, 0xdd, 0x64, 0x55, 0x08, 0x00, 0x24, 0x01, 0xfe, 0xbe,
    0x1e, 0x01, 0xfe, 0xbe, 0x00, 0x80, 0x48, 0xdd, 0x66, 0x56, 0x08, 0x00, 0x24, 0x01, 0xfe, 0xbe,
    0x1e, 0x01, 0xfe, 0xbe, 0x00, 0x81, 0x48, 0xdd, 0x66, 0x57, 0x08, 0x00, 0x24, 0x01, 0xfe, 0xbe,
    0x20, 0x01, 0xfe, 0xbe, 0x00, 0x80, 0x48, 0xdd, 0x68, 0x58, 0x08, 0x00, 0x24, 0x01, 0xfe, 0xbe,
    0x20, 0x01, 0xfe, 0xbe, 0x00, 0x81, 0x48, 0xdd, 0x68, 0x59, 0x08, 0x00, 0x24, 0x01, 0xfe, 0xbe,
    0x22, 0x01, 0xfe, 0xbe, 0x00, 0x80, 0x48, 0xdd, 0x6a, 0x5a, 0x08, 0x00, 0x24, 0x01, 0xfe, 0xbe,
    0x22, 0x01, 0xfe, 0xbe, 0x00, 0x81, 0x48, 0xdd, 0x6a, 0x5b, 0x08, 0x00, 0x24, 0x01, 0xfe, 0xbe,
    0x3b, 0x08, 0x08, 0x80, 0x80, 0x09, 0x09, 0x82, 0x00, 0x01, 0x50, 0xb7, 0x50, 0x51, 0x04, 0xbf,
    0x24, 0xfa, 0x84, 0xbf, 0x76, 0x40, 0x8c, 0xbf, 0x00, 0x00, 0x8a, 0xbf, 0x00, 0x60, 0xac, 0xd3,
    0x17, 0x3f, 0x02, 0x00, 0x8c, 0x0c, 0xad, 0xd3, 0x20, 0x59, 0x02, 0x8a, 0x00, 0x10, 0x5c, 0xe0,
    0x28, 0x00, 0x83, 0x80, 0x00, 0x70, 0xac, 0xd3, 0x17, 0x3f, 0x02, 0x00, 0x90, 0x0c, 0xad, 0xd3,
    0x20, 0x69, 0x02, 0x8a, 0x00, 0x44, 0x6c, 0xd8, 0x09, 0x00, 0x00, 0x4c, 0x00, 0x55, 0x6c, 0xd8,
    0x09, 0x00, 0x00, 0x4d, 0x08, 0x44, 0x6c, 0xd8, 0x09, 0x00, 0x00, 0x4e, 0x08, 0x55, 0x6c, 0xd8,
    0x09, 0x00, 0x00, 0x4f, 0x00, 0x68, 0xac, 0xd3, 0x17, 0x3f, 0x02, 0x00, 0x94, 0x0c, 0xad, 0xd3,
    0x24, 0x59, 0x02, 0x8a, 0x00, 0x10, 0x5c, 0xe0, 0x29, 0x04, 0x83, 0x80, 0x00, 0x10, 0x50, 0xe0,
    0x0a, 0x15, 0x04, 0x80, 0x00, 0x10, 0x50, 0xe0, 0x0b, 0x16, 0x04, 0x80, 0x00, 0x78, 0xac, 0xd3,
    0x17, 0x3f, 0x02, 0x00, 0x98, 0x0c, 0xad, 0xd3, 0x24, 0x69, 0x02, 0x8a, 0x20, 0x44, 0x6c, 0xd8,
    0x09, 0x00, 0x00, 0x50, 0x20, 0x55, 0x6c, 0xd8, 0x09, 0x00, 0x00, 0x51, 0x28, 0x44, 0x6c, 0xd8,
    0x09, 0x00, 0x00, 0x52, 0x28, 0x55, 0x6c, 0xd8, 0x09, 0x00, 0x00, 0x53, 0x78, 0x4f, 0x8c, 0xbf,
    0x00, 0x60, 0xac, 0xd3, 0x18, 0x3f, 0x02, 0x00, 0x9c, 0x0c, 0xad, 0xd3, 0x28, 0x59, 0x02, 0x8a,
    0x00, 0x10, 0x5c, 0xe0, 0x2a, 0x08, 0x83, 0x80, 0x00, 0x70, 0xac, 0xd3, 0x18, 0x3f, 0x02, 0x00,
    0xa0, 0x0c, 0xad, 0xd3, 0x28, 0x69, 0x02, 0x8a, 0x00, 0x66, 0x6c, 0xd8, 0x09, 0x00, 0x00, 0x54,
    0x00, 0x77, 0x6c, 0xd8, 0x09, 0x00, 0x00, 0x55, 0x08, 0x66, 0x6c, 0xd8, 0x09, 0x00, 0x00, 0x56,
    0x08, 0x77, 0x6c, 0xd8, 0x09, 0x00, 0x00, 0x57, 0x00, 0x68, 0xac, 0xd3, 0x18, 0x3f, 0x02, 0x00,
    0xa4, 0x0c, 0xad, 0xd3, 0x2c, 0x59, 0x02, 0x8a, 0x00, 0x10, 0x5c, 0xe0, 0x2b, 0x0c, 0x83, 0x80,
    0x00, 0x78, 0xac, 0xd3, 0x18, 0x3f, 0x02, 0x00, 0xa8, 0x0c, 0xad, 0xd3, 0x2c, 0x69, 0x02, 0x8a,
    0x20, 0x66, 0x6c, 0xd8, 0x09, 0x00, 0x00, 0x58, 0x20, 0x77, 0x6c, 0xd8, 0x09, 0x00, 0x00, 0x59,
    0x28, 0x66, 0x6c, 0xd8, 0x09, 0x00, 0x00, 0x5a, 0x28, 0x77, 0x6c, 0xd8, 0x09, 0x00, 0x00, 0x5b,
    0x78, 0x4f, 0x8c, 0xbf, 0x00, 0x60, 0xac, 0xd3, 0x17, 0x3f, 0x02, 0x18, 0x8c, 0x0c, 0xad, 0xd3,
    0x30, 0x61, 0x32, 0x8e, 0x00, 0x14, 0x5c, 0xe0, 0x28, 0x10, 0x83, 0x80, 0x00, 0x30, 0xac, 0xd3,
    0x17, 0x3f, 0x02, 0x18, 0x90, 0x0c, 0xad, 0xd3, 0x30, 0x71, 0x42, 0x8e, 0x00, 0x00, 0x9a, 0xd8,
    0x08, 0x6c, 0x00, 0x00, 0x00, 0x22, 0x9a, 0xd8, 0x08, 0x6e, 0x00, 0x00, 0x00, 0x68, 0xac, 0xd3,
    0x17, 0x3f, 0x02, 0x18, 0x94, 0x0c, 0xad, 0xd3, 0x34, 0x61, 0x52, 0x8e, 0x00, 0x14, 0x5c, 0xe0,
    0x29, 0x14, 0x83, 0x80, 0x00, 0x78, 0xac, 0xd3, 0x17, 0x3f, 0x02, 0x18, 0x98, 0x0c, 0xad, 0xd3,
    0x34, 0x71, 0x62, 0x8e, 0x20, 0x02, 0x9a, 0xd8, 0x08, 0x70, 0x00, 0x00, 0x20, 0x24, 0x9a, 0xd8,
    0x08, 0x72, 0x00, 0x00, 0x78, 0x4f, 0x8c, 0xbf, 0x00, 0x60, 0xac, 0xd3, 0x18, 0x3f, 0x02, 0x18,
    0x9c, 0x0c, 0xad, 0xd3, 0x38, 0x61, 0x72, 0x8e, 0x00, 0x14, 0x5c, 0xe0, 0x2a, 0x18, 0x83, 0x80,
    0x00, 0x70, 0xac, 0xd3, 0x18, 0x3f, 0x02, 0x18, 0xa0, 0x0c, 0xad, 0xd3, 0x38, 0x71, 0x82, 0x8e,
    0x00, 0x11, 0x9a, 0xd8, 0x08, 0x74, 0x00, 0x00, 0x00, 0x33, 0x9a, 0xd8, 0x08, 0x76, 0x00, 0x00,
    0x00, 0x68, 0xac, 0xd3, 0x18, 0x3f, 0x02, 0x18, 0xa4, 0x0c, 0xad, 0xd3, 0x3c, 0x61, 0x92, 0x8e,
    0x00, 0x14, 0x5c, 0xe0, 0x2b, 0x1c, 0x83, 0x80, 0x00, 0x78, 0xac, 0xd3, 0x18, 0x3f, 0x02, 0x18,
    0xa8, 0x0c, 0xad, 0xd3, 0x3c, 0x71, 0xa2, 0x8e, 0x20, 0x13, 0x9a, 0xd8, 0x08, 0x78, 0x00, 0x00,
    0x20, 0x35, 0x9a, 0xd8, 0x08, 0x7a, 0x00, 0x00, 0xff, 0x50, 0x3c, 0x80, 0x00, 0x02, 0x00, 0x00,
    0x3c, 0x51, 0x0a, 0xbf, 0x38, 0x80, 0x38, 0x85, 0x4e, 0x80, 0x4e, 0x85, 0x4f, 0x80, 0x4f, 0x85,
    0x38, 0x0c, 0x0c, 0x80, 0x80, 0x0d, 0x0d, 0x82, 0x4f, 0x10, 0x10, 0x80, 0x80, 0x11, 0x11, 0x82,
    0x1d, 0x03, 0x04, 0x7e, 0x1d, 0x03, 0x06, 0x7e, 0x8c, 0x40, 0xb1, 0xd3, 0x02, 0x19, 0x03, 0x18,
    0x8e, 0x40, 0xb1, 0xd3, 0x02, 0x1d, 0x03, 0x18, 0x94, 0x40, 0xb1, 0xd3, 0x02, 0x29, 0x03, 0x18,
    0x96, 0x40, 0xb1, 0xd3, 0x02, 0x2d, 0x03, 0x18, 0x9c, 0x40, 0xb1, 0xd3, 0x02, 0x39, 0x03, 0x18,
    0x9e, 0x40, 0xb1, 0xd3, 0x02, 0x3d, 0x03, 0x18, 0xa4, 0x40, 0xb1, 0xd3, 0x02, 0x49, 0x03, 0x18,
    0xa6, 0x40, 0xb1, 0xd3, 0x02, 0x4d, 0x03, 0x18, 0x1e, 0x03, 0x04, 0x7e, 0x1e, 0x03, 0x06, 0x7e,
    0x90, 0x40, 0xb1, 0xd3, 0x02, 0x21, 0x03, 0x18, 0x92, 0x40, 0xb1, 0xd3, 0x02, 0x25, 0x03, 0x18,
    0x98, 0x40, 0xb1, 0xd3, 0x02, 0x31, 0x03, 0x18, 0x9a, 0x40, 0xb1, 0xd3, 0x02, 0x35, 0x03, 0x18,
    0xa0, 0x40, 0xb1, 0xd3, 0x02, 0x41, 0x03, 0x18, 0xa2, 0x40, 0xb1, 0xd3, 0x02, 0x45, 0x03, 0x18,
    0xa8, 0x40, 0xb1, 0xd3, 0x02, 0x51, 0x03, 0x18, 0xaa, 0x40, 0xb1, 0xd3, 0x02, 0x55, 0x03, 0x18,
    0x8c, 0x00, 0x68, 0xd2, 0x8c, 0x1b, 0x03, 0x00, 0x8d, 0x00, 0x68, 0xd2, 0x8e, 0x1f, 0x03, 0x00,
    0x8e, 0x00, 0x68, 0xd2, 0x90, 0x23, 0x03, 0x00, 0x8f, 0x00, 0x68, 0xd2, 0x92, 0x27, 0x03, 0x00,
    0x90, 0x00, 0x68, 0xd2, 0x94, 0x2b, 0x03, 0x00, 0x91, 0x00, 0x68, 0xd2, 0x96, 0x2f, 0x03, 0x00,
    0x92, 0x00, 0x68, 0xd2, 0x98, 0x33, 0x03, 0x00, 0x93, 0x00, 0x68, 0xd2, 0x9a, 0x37, 0x03, 0x00,
    0x94, 0x00, 0x68, 0xd2, 0x9c, 0x3b, 0x03, 0x00, 0x95, 0x00, 0x68, 0xd2, 0x9e, 0x3f, 0x03, 0x00,
    0x96, 0x00, 0x68, 0xd2, 0xa0, 0x43, 0x03, 0x00, 0x97, 0x00, 0x68, 0xd2, 0xa2, 0x47, 0x03, 0x00,
    0x98, 0x00, 0x68, 0xd2, 0xa4, 0x4b, 0x03, 0x00, 0x99, 0x00, 0x68, 0xd2, 0xa6, 0x4f, 0x03, 0x00,
    0x9a, 0x00, 0x68, 0xd2, 0xa8, 0x53, 0x03, 0x00, 0x9b, 0x00, 0x68, 0xd2, 0xaa, 0x57, 0x03, 0x00,
    0x50, 0xff, 0x09, 0xbf, 0x00, 0x02, 0x00, 0x00, 0xff, 0x3b, 0x3b, 0x85, 0x00, 0x02, 0x00, 0x00,
    0x14, 0x01, 0xfe, 0xbe, 0x00, 0x80, 0x48, 0xdd, 0x5c, 0x4c, 0x08, 0x00, 0x24, 0x01, 0xfe, 0xbe,
    0x14, 0x01, 0xfe, 0xbe, 0x00, 0x81, 0x48, 0xdd, 0x5c, 0x4d, 0x08, 0x00, 0x24, 0x01, 0xfe, 0xbe,
    0x16, 0x01, 0xfe, 0xbe, 0x00, 0x80, 0x48, 0xdd, 0x5e, 0x4e, 0x08, 0x00, 0x24, 0x01, 0xfe, 0xbe,
    0x16, 0x01, 0xfe, 0xbe, 0x00, 0x81, 0x48, 0xdd, 0x5e, 0x4f, 0x08, 0x00, 0x24, 0x01, 0xfe, 0xbe,
    0x18, 0x01, 0xfe, 0xbe, 0x00, 0x80, 0x48, 0xdd, 0x60, 0x50, 0x08, 0x00, 0x24, 0x01, 0xfe, 0xbe,
    0x18, 0x01, 0xfe, 0xbe, 0x00, 0x81, 0x48, 0xdd, 0x60, 0x51, 0x08, 0x00, 0x24, 0x01, 0xfe, 0xbe,
    0x1a, 0x01, 0xfe, 0xbe, 0x00, 0x80, 0x48, 0xdd, 0x62, 0x52, 0x08, 0x00, 0x24, 0x01, 0xfe, 0xbe,
    0x1a, 0x01, 0xfe, 0xbe, 0x00, 0x81, 0x48, 0xdd, 0x62, 0x53, 0x08, 0x00, 0x24, 0x01, 0xfe, 0xbe,
    0x1c, 0x01, 0xfe, 0xbe, 0x00, 0x80, 0x48, 0xdd, 0x64, 0x54, 0x08, 0x00, 0x24, 0x01, 0xfe, 0xbe,
    0x1c, 0x01, 0xfe, 0xbe, 0x00, 0x81, 0x48, 0xdd, 0x64, 0x55, 0x08, 0x00, 0x24, 0x01, 0xfe, 0xbe,
    0x1e, 0x01, 0xfe, 0xbe, 0x00, 0x80, 0x48, 0xdd, 0x66, 0x56, 0x08, 0x00, 0x24, 0x01, 0xfe, 0xbe,
    0x1e, 0x01, 0xfe, 0xbe, 0x00, 0x81, 0x48, 0xdd, 0x66, 0x57, 0x08, 0x00, 0x24, 0x01, 0xfe, 0xbe,
    0x20, 0x01, 0xfe, 0xbe, 0x00, 0x80, 0x48, 0xdd, 0x68, 0x58, 0x08, 0x00, 0x24, 0x01, 0xfe, 0xbe,
    0x20, 0x01, 0xfe, 0xbe, 0x00, 0x81, 0x48, 0xdd, 0x68, 0x59, 0x08, 0x00, 0x24, 0x01, 0xfe, 0xbe,
    0x22, 0x01, 0xfe, 0xbe, 0x00, 0x80, 0x48, 0xdd, 0x6a, 0x5a, 0x08, 0x00, 0x24, 0x01, 0xfe, 0xbe,
    0x22, 0x01, 0xfe, 0xbe, 0x00, 0x81, 0x48, 0xdd, 0x6a, 0x5b, 0x08, 0x00, 0x24, 0x01, 0xfe, 0xbe,
    0x3b, 0x08, 0x08, 0x80, 0x80, 0x09, 0x09, 0x82, 0x00, 0x01, 0x50, 0xb7, 0x50, 0x51, 0x04, 0xbf,
    0x04, 0xf9, 0x84, 0xbf, 0xbf, 0xfd, 0x82, 0xbf, 0x3b, 0x80, 0x09, 0xbf, 0xff, 0x3b, 0x3b, 0x85,
    0x00, 0x02, 0x00, 0x00, 0x7f, 0xc0, 0x8c, 0xbf, 0x00, 0x00, 0x8a, 0xbf, 0x40, 0xff, 0x06, 0xbf,
    0x00, 0x01, 0x00, 0x00, 0x74, 0x00, 0x84, 0xbf, 0x00, 0x00, 0x9a, 0xd8, 0x08, 0x6c, 0x00, 0x00,
    0x00, 0x22, 0x9a, 0xd8, 0x08, 0x6e, 0x00, 0x00, 0x20, 0x02, 0x9a, 0xd8, 0x08, 0x70, 0x00, 0x00,
    0x20, 0x24, 0x9a, 0xd8, 0x08, 0x72, 0x00, 0x00, 0x00, 0x11, 0x9a, 0xd8, 0x08, 0x74, 0x00, 0x00,
    0x00, 0x33, 0x9a, 0xd8, 0x08, 0x76, 0x00, 0x00, 0x20, 0x13, 0x9a, 0xd8, 0x08, 0x78, 0x00, 0x00,
    0x20, 0x35, 0x9a, 0xd8, 0x08, 0x7a, 0x00, 0x00, 0x7f, 0xc0, 0x8c, 0xbf, 0x00, 0x00, 0x8a, 0xbf,
    0x00, 0x00, 0x6c, 0xd8, 0x09, 0x00, 0x00, 0x4c, 0x00, 0x11, 0x6c, 0xd8, 0x09, 0x00, 0x00, 0x4d,
    0x08, 0x00, 0x6c, 0xd8, 0x09, 0x00, 0x00, 0x4e, 0x08, 0x11, 0x6c, 0xd8, 0x09, 0x00, 0x00, 0x4f,
    0x20, 0x00, 0x6c, 0xd8, 0x09, 0x00, 0x00, 0x50, 0x20, 0x11, 0x6c, 0xd8, 0x09, 0x00, 0x00, 0x51,
    0x28, 0x00, 0x6c, 0xd8, 0x09, 0x00, 0x00, 0x52, 0x28, 0x11, 0x6c, 0xd8, 0x09, 0x00, 0x00, 0x53,
    0x00, 0x22, 0x6c, 0xd8, 0x09, 0x00, 0x00, 0x54, 0x00, 0x33, 0x6c, 0xd8, 0x09, 0x00, 0x00, 0x55,
    0x08, 0x22, 0x6c, 0xd8, 0x09, 0x00, 0x00, 0x56, 0x08, 0x33, 0x6c, 0xd8, 0x09, 0x00, 0x00, 0x57,
    0x20, 0x22, 0x6c, 0xd8, 0x09, 0x00, 0x00, 0x58, 0x20, 0x33, 0x6c, 0xd8, 0x09, 0x00, 0x00, 0x59,
    0x28, 0x22, 0x6c, 0xd8, 0x09, 0x00, 0x00, 0x5a, 0x28, 0x33, 0x6c, 0xd8, 0x09, 0x00, 0x00, 0x5b,
    0x7f, 0xc0, 0x8c, 0xbf, 0x14, 0x01, 0xfe, 0xbe, 0x00, 0x80, 0x48, 0xdd, 0x5c, 0x4c, 0x08, 0x00,
    0x24, 0x01, 0xfe, 0xbe, 0x14, 0x01, 0xfe, 0xbe, 0x00, 0x81, 0x48, 0xdd, 0x5c, 0x4d, 0x08, 0x00,
    0x24, 0x01, 0xfe, 0xbe, 0x16, 0x01, 0xfe, 0xbe, 0x00, 0x80, 0x48, 0xdd, 0x5e, 0x4e, 0x08, 0x00,
    0x24, 0x01, 0xfe, 0xbe, 0x16, 0x01, 0xfe, 0xbe, 0x00, 0x81, 0x48, 0xdd, 0x5e, 0x4f, 0x08, 0x00,
    0x24, 0x01, 0xfe, 0xbe, 0x18, 0x01, 0xfe, 0xbe, 0x00, 0x80, 0x48, 0xdd, 0x60, 0x50, 0x08, 0x00,
    0x24, 0x01, 0xfe, 0xbe, 0x18, 0x01, 0xfe, 0xbe, 0x00, 0x81, 0x48, 0xdd, 0x60, 0x51, 0x08, 0x00,
    0x24, 0x01, 0xfe, 0xbe, 0x1a, 0x01, 0xfe, 0xbe, 0x00, 0x80, 0x48, 0xdd, 0x62, 0x52, 0x08, 0x00,
    0x24, 0x01, 0xfe, 0xbe, 0x1a, 0x01, 0xfe, 0xbe, 0x00, 0x81, 0x48, 0xdd, 0x62, 0x53, 0x08, 0x00,
    0x24, 0x01, 0xfe, 0xbe, 0x1c, 0x01, 0xfe, 0xbe, 0x00, 0x80, 0x48, 0xdd, 0x64, 0x54, 0x08, 0x00,
    0x24, 0x01, 0xfe, 0xbe, 0x1c, 0x01, 0xfe, 0xbe, 0x00, 0x81, 0x48, 0xdd, 0x64, 0x55, 0x08, 0x00,
    0x24, 0x01, 0xfe, 0xbe, 0x1e, 0x01, 0xfe, 0xbe, 0x00, 0x80, 0x48, 0xdd, 0x66, 0x56, 0x08, 0x00,
    0x24, 0x01, 0xfe, 0xbe, 0x1e, 0x01, 0xfe, 0xbe, 0x00, 0x81, 0x48, 0xdd, 0x66, 0x57, 0x08, 0x00,
    0x24, 0x01, 0xfe, 0xbe, 0x20, 0x01, 0xfe, 0xbe, 0x00, 0x80, 0x48, 0xdd, 0x68, 0x58, 0x08, 0x00,
    0x24, 0x01, 0xfe, 0xbe, 0x20, 0x01, 0xfe, 0xbe, 0x00, 0x81, 0x48, 0xdd, 0x68, 0x59, 0x08, 0x00,
    0x24, 0x01, 0xfe, 0xbe, 0x22, 0x01, 0xfe, 0xbe, 0x00, 0x80, 0x48, 0xdd, 0x6a, 0x5a, 0x08, 0x00,
    0x24, 0x01, 0xfe, 0xbe, 0x22, 0x01, 0xfe, 0xbe, 0x00, 0x81, 0x48, 0xdd, 0x6a, 0x5b, 0x08, 0x00,
    0x24, 0x01, 0xfe, 0xbe, 0xd6, 0x00, 0x82, 0xbf, 0x00, 0x00, 0x6c, 0xd8, 0x09, 0x00, 0x00, 0x4c,
    0x00, 0x11, 0x6c, 0xd8, 0x09, 0x00, 0x00, 0x4d, 0x08, 0x00, 0x6c, 0xd8, 0x09, 0x00, 0x00, 0x4e,
    0x08, 0x11, 0x6c, 0xd8, 0x09, 0x00, 0x00, 0x4f, 0x20, 0x00, 0x6c, 0xd8, 0x09, 0x00, 0x00, 0x50,
    0x20, 0x11, 0x6c, 0xd8, 0x09, 0x00, 0x00, 0x51, 0x28, 0x00, 0x6c, 0xd8, 0x09, 0x00, 0x00, 0x52,
    0x28, 0x11, 0x6c, 0xd8, 0x09, 0x00, 0x00, 0x53, 0x00, 0x22, 0x6c, 0xd8, 0x09, 0x00, 0x00, 0x54,
    0x00, 0x33, 0x6c, 0xd8, 0x09, 0x00, 0x00, 0x55, 0x08, 0x22, 0x6c, 0xd8, 0x09, 0x00, 0x00, 0x56,
    0x08, 0x33, 0x6c, 0xd8, 0x09, 0x00, 0x00, 0x57, 0x20, 0x22, 0x6c, 0xd8, 0x09, 0x00, 0x00, 0x58,
    0x20, 0x33, 0x6c, 0xd8, 0x09, 0x00, 0x00, 0x59, 0x28, 0x22, 0x6c, 0xd8, 0x09, 0x00, 0x00, 0x5a,
    0x28, 0x33, 0x6c, 0xd8, 0x09, 0x00, 0x00, 0x5b, 0x7f, 0xc0, 0x8c, 0xbf, 0x14, 0x01, 0xfe, 0xbe,
    0x00, 0x80, 0x48, 0xdd, 0x5c, 0x4c, 0x08, 0x00, 0x24, 0x01, 0xfe, 0xbe, 0x14, 0x01, 0xfe, 0xbe,
    0x00, 0x81, 0x48, 0xdd, 0x5c, 0x4d, 0x08, 0x00, 0x24, 0x01, 0xfe, 0xbe, 0x16, 0x01, 0xfe, 0xbe,
    0x00, 0x80, 0x48, 0xdd, 0x5e, 0x4e, 0x08, 0x00, 0x24, 0x01, 0xfe, 0xbe, 0x16, 0x01, 0xfe, 0xbe,
    0x00, 0x81, 0x48, 0xdd, 0x5e, 0x4f, 0x08, 0x00, 0x24, 0x01, 0xfe, 0xbe, 0x18, 0x01, 0xfe, 0xbe,
    0x00, 0x80, 0x48, 0xdd, 0x60, 0x50, 0x08, 0x00, 0x24, 0x01, 0xfe, 0xbe, 0x18, 0x01, 0xfe, 0xbe,
    0x00, 0x81, 0x48, 0xdd, 0x60, 0x51, 0x08, 0x00, 0x24, 0x01, 0xfe, 0xbe, 0x1a, 0x01, 0xfe, 0xbe,
    0x00, 0x80, 0x48, 0xdd, 0x62, 0x52, 0x08, 0x00, 0x24, 0x01, 0xfe, 0xbe, 0x1a, 0x01, 0xfe, 0xbe,
    0x00, 0x81, 0x48, 0xdd, 0x62, 0x53, 0x08, 0x00, 0x24, 0x01, 0xfe, 0xbe, 0x1c, 0x01, 0xfe, 0xbe,
    0x00, 0x80, 0x48, 0xdd, 0x64, 0x54, 0x08, 0x00, 0x24, 0x01, 0xfe, 0xbe, 0x1c, 0x01, 0xfe, 0xbe,
    0x00, 0x81, 0x48, 0xdd, 0x64, 0x55, 0x08, 0x00, 0x24, 0x01, 0xfe, 0xbe, 0x1e, 0x01, 0xfe, 0xbe,
    0x00, 0x80, 0x48, 0xdd, 0x66, 0x56, 0x08, 0x00, 0x24, 0x01, 0xfe, 0xbe, 0x1e, 0x01, 0xfe, 0xbe,
    0x00, 0x81, 0x48, 0xdd, 0x66, 0x57, 0x08, 0x00, 0x24, 0x01, 0xfe, 0xbe, 0x20, 0x01, 0xfe, 0xbe,
    0x00, 0x80, 0x48, 0xdd, 0x68, 0x58, 0x08, 0x00, 0x24, 0x01, 0xfe, 0xbe, 0x20, 0x01, 0xfe, 0xbe,
    0x00, 0x81, 0x48, 0xdd, 0x68, 0x59, 0x08, 0x00, 0x24, 0x01, 0xfe, 0xbe, 0x22, 0x01, 0xfe, 0xbe,
    0x00, 0x80, 0x48, 0xdd, 0x6a, 0x5a, 0x08, 0x00, 0x24, 0x01, 0xfe, 0xbe, 0x22, 0x01, 0xfe, 0xbe,
    0x00, 0x81, 0x48, 0xdd, 0x6a, 0x5b, 0x08, 0x00, 0x24, 0x01, 0xfe, 0xbe, 0x3b, 0x08, 0x08, 0x80,
    0x80, 0x09, 0x09, 0x82, 0x00, 0x44, 0x9a, 0xd8, 0x08, 0x8c, 0x00, 0x00, 0x00, 0x66, 0x9a, 0xd8,
    0x08, 0x8e, 0x00, 0x00, 0x20, 0x46, 0x9a, 0xd8, 0x08, 0x90, 0x00, 0x00, 0x20, 0x68, 0x9a, 0xd8,
    0x08, 0x92, 0x00, 0x00, 0x00, 0x55, 0x9a, 0xd8, 0x08, 0x94, 0x00, 0x00, 0x00, 0x77, 0x9a, 0xd8,
    0x08, 0x96, 0x00, 0x00, 0x20, 0x57, 0x9a, 0xd8, 0x08, 0x98, 0x00, 0x00, 0x20, 0x79, 0x9a, 0xd8,
    0x08, 0x9a, 0x00, 0x00, 0x7f, 0xc0, 0x8c, 0xbf, 0x00, 0x00, 0x8a, 0xbf, 0x00, 0x44, 0x6c, 0xd8,
    0x09, 0x00, 0x00, 0x4c, 0x00, 0x55, 0x6c, 0xd8, 0x09, 0x00, 0x00, 0x4d, 0x08, 0x44, 0x6c, 0xd8,
    0x09, 0x00, 0x00, 0x4e, 0x08, 0x55, 0x6c, 0xd8, 0x09, 0x00, 0x00, 0x4f, 0x20, 0x44, 0x6c, 0xd8,
    0x09, 0x00, 0x00, 0x50, 0x20, 0x55, 0x6c, 0xd8, 0x09, 0x00, 0x00, 0x51, 0x28, 0x44, 0x6c, 0xd8,
    0x09, 0x00, 0x00, 0x52, 0x28, 0x55, 0x6c, 0xd8, 0x09, 0x00, 0x00, 0x53, 0x00, 0x66, 0x6c, 0xd8,
    0x09, 0x00, 0x00, 0x54, 0x00, 0x77, 0x6c, 0xd8, 0x09, 0x00, 0x00, 0x55, 0x08, 0x66, 0x6c, 0xd8,
    0x09, 0x00, 0x00, 0x56, 0x08, 0x77, 0x6c, 0xd8, 0x09, 0x00, 0x00, 0x57, 0x20, 0x66, 0x6c, 0xd8,
    0x09, 0x00, 0x00, 0x58, 0x20, 0x77, 0x6c, 0xd8, 0x09, 0x00, 0x00, 0x59, 0x28, 0x66, 0x6c, 0xd8,
    0x09, 0x00, 0x00, 0x5a, 0x28, 0x77, 0x6c, 0xd8, 0x09, 0x00, 0x00, 0x5b, 0x7f, 0xc0, 0x8c, 0xbf,
    0x14, 0x01, 0xfe, 0xbe, 0x00, 0x80, 0x48, 0xdd, 0x5c, 0x4c, 0x08, 0x00, 0x24, 0x01, 0xfe, 0xbe,
    0x14, 0x01, 0xfe, 0xbe, 0x00, 0x81, 0x48, 0xdd, 0x5c, 0x4d, 0x08, 0x00, 0x24, 0x01, 0xfe, 0xbe,
    0x16, 0x01, 0xfe, 0xbe, 0x00, 0x80, 0x48, 0xdd, 0x5e, 0x4e, 0x08, 0x00, 0x24, 0x01, 0xfe, 0xbe,
    0x16, 0x01, 0xfe, 0xbe, 0x00, 0x81, 0x48, 0xdd, 0x5e, 0x4f, 0x08, 0x00, 0x24, 0x01, 0xfe, 0xbe,
    0x18, 0x01, 0xfe, 0xbe, 0x00, 0x80, 0x48, 0xdd, 0x60, 0x50, 0x08, 0x00, 0x24, 0x01, 0xfe, 0xbe,
    0x18, 0x01, 0xfe, 0xbe, 0x00, 0x81, 0x48, 0xdd, 0x60, 0x51, 0x08, 0x00, 0x24, 0x01, 0xfe, 0xbe,
    0x1a, 0x01, 0xfe, 0xbe, 0x00, 0x80, 0x48, 0xdd, 0x62, 0x52, 0x08, 0x00, 0x24, 0x01, 0xfe, 0xbe,
    0x1a, 0x01, 0xfe, 0xbe, 0x00, 0x81, 0x48, 0xdd, 0x62, 0x53, 0x08, 0x00, 0x24, 0x01, 0xfe, 0xbe,
    0x1c, 0x01, 0xfe, 0xbe, 0x00, 0x80, 0x48, 0xdd, 0x64, 0x54, 0x08, 0x00, 0x24, 0x01, 0xfe, 0xbe,
    0x1c, 0x01, 0xfe, 0xbe, 0x00, 0x81, 0x48, 0xdd, 0x64, 0x55, 0x08, 0x00, 0x24, 0x01, 0xfe, 0xbe,
    0x1e, 0x01, 0xfe, 0xbe, 0x00, 0x80, 0x48, 0xdd, 0x66, 0x56, 0x08, 0x00, 0x24, 0x01, 0xfe, 0xbe,
    0x1e, 0x01, 0xfe, 0xbe, 0x00, 0x81, 0x48, 0xdd, 0x66, 0x57, 0x08, 0x00, 0x24, 0x01, 0xfe, 0xbe,
    0x20, 0x01, 0xfe, 0xbe, 0x00, 0x80, 0x48, 0xdd, 0x68, 0x58, 0x08, 0x00, 0x24, 0x01, 0xfe, 0xbe,
    0x20, 0x01, 0xfe, 0xbe, 0x00, 0x81, 0x48, 0xdd, 0x68, 0x59, 0x08, 0x00, 0x24, 0x01, 0xfe, 0xbe,
    0x22, 0x01, 0xfe, 0xbe, 0x00, 0x80, 0x48, 0xdd, 0x6a, 0x5a, 0x08, 0x00, 0x24, 0x01, 0xfe, 0xbe,
    0x22, 0x01, 0xfe, 0xbe, 0x00, 0x81, 0x48, 0xdd, 0x6a, 0x5b, 0x08, 0x00, 0x24, 0x01, 0xfe, 0xbe,
    0x00, 0x00, 0x8c, 0xbf, 0x64, 0x81, 0x64, 0x80, 0x60, 0x80, 0x06, 0xbf, 0x69, 0xee, 0x84, 0xbf,
    0x00, 0x00, 0x8c, 0xbf, 0x00, 0x00, 0x81, 0xbf, 0x06, 0x00, 0x00, 0x00, 0x00, 0x00, 0x00, 0x00,
    0xe0, 0x1b, 0x00, 0x00, 0x00, 0x00, 0x00, 0x00, 0x0b, 0x00, 0x00, 0x00, 0x00, 0x00, 0x00, 0x00,
    0x18, 0x00, 0x00, 0x00, 0x00, 0x00, 0x00, 0x00, 0x05, 0x00, 0x00, 0x00, 0x00, 0x00, 0x00, 0x00,
    0x6c, 0x1c, 0x00, 0x00, 0x00, 0x00, 0x00, 0x00, 0x0a, 0x00, 0x00, 0x00, 0x00, 0x00, 0x00, 0x00,
    0x8e, 0x00, 0x00, 0x00, 0x00, 0x00, 0x00, 0x00, 0xf5, 0xfe, 0xff, 0x6f, 0x00, 0x00, 0x00, 0x00,
    0x28, 0x1c, 0x00, 0x00, 0x00, 0x00, 0x00, 0x00, 0x04, 0x00, 0x00, 0x00, 0x00, 0x00, 0x00, 0x00,
    0x4c, 0x1c, 0x00, 0x00, 0x00, 0x00, 0x00, 0x00, 0x00, 0x00, 0x00, 0x00, 0x00, 0x00, 0x00, 0x00,
    0x00, 0x00, 0x00, 0x00, 0x00, 0x00, 0x00, 0x00, 0x4c, 0x69, 0x6e, 0x6b, 0x65, 0x72, 0x3a, 0x20,
    0x41, 0x4d, 0x44, 0x20, 0x4c, 0x4c, 0x44, 0x20, 0x31, 0x39, 0x2e, 0x30, 0x2e, 0x30, 0x20, 0x28,
    0x2f, 0x6c, 0x6f, 0x6e, 0x67, 0x65, 0x72, 0x5f, 0x70, 0x61, 0x74, 0x68, 0x6e, 0x61, 0x6d, 0x65,
    0x5f, 0x73, 0x6f, 0x5f, 0x74, 0x68, 0x61, 0x74, 0x5f, 0x72, 0x70, 0x6d, 0x73, 0x5f, 0x63, 0x61,
    0x6e, 0x5f, 0x73, 0x75, 0x70, 0x70, 0x6f, 0x72, 0x74, 0x5f, 0x70, 0x61, 0x63, 0x6b, 0x61, 0x67,
    0x69, 0x6e, 0x67, 0x5f, 0x74, 0x68, 0x65, 0x5f, 0x64, 0x65, 0x62, 0x75, 0x67, 0x5f, 0x69, 0x6e,
    0x66, 0x6f, 0x5f, 0x66, 0x6f, 0x72, 0x5f, 0x61, 0x6c, 0x6c, 0x5f, 0x6f, 0x73, 0x5f, 0x70, 0x72,
    0x6f, 0x66, 0x69, 0x6c, 0x65, 0x73, 0x2f, 0x73, 0x72, 0x63, 0x2f, 0x6c, 0x6c, 0x76, 0x6d, 0x2d,
    0x70, 0x72, 0x6f, 0x6a, 0x65, 0x63, 0x74, 0x2f, 0x6c, 0x6c, 0x76, 0x6d, 0x20, 0x32, 0x62, 0x31,
    0x35, 0x39, 0x35, 0x32, 0x32, 0x61, 0x36, 0x65, 0x39, 0x62, 0x33, 0x34, 0x66, 0x65, 0x31, 0x33,
    0x62, 0x31, 0x64, 0x37, 0x62, 0x34, 0x63, 0x34, 0x61, 0x65, 0x37, 0x35, 0x31, 0x65, 0x66, 0x31,
    0x32, 0x32, 0x37, 0x36, 0x35, 0x29, 0x00, 0x00, 0x00, 0x00, 0x00, 0x00, 0x00, 0x00, 0x00, 0x00,
    0x00, 0x00, 0x00, 0x00, 0x00, 0x00, 0x00, 0x00, 0x00, 0x00, 0x00, 0x00, 0x00, 0x00, 0x00, 0x00,
    0x01, 0x00, 0x00, 0x00, 0x00, 0x00, 0x07, 0x00, 0x70, 0x2f, 0x00, 0x00, 0x00, 0x00, 0x00, 0x00,
    0x00, 0x00, 0x00, 0x00, 0x00, 0x00, 0x00, 0x00, 0x0c, 0x00, 0x00, 0x00, 0x00, 0x00, 0x07, 0x00,
    0xe4, 0x2e, 0x00, 0x00, 0x00, 0x00, 0x00, 0x00, 0x00, 0x00, 0x00, 0x00, 0x00, 0x00, 0x00, 0x00,
    0x17, 0x00, 0x00, 0x00, 0x00, 0x00, 0x07, 0x00, 0x40, 0x75, 0x00, 0x00, 0x00, 0x00, 0x00, 0x00,
    0x00, 0x00, 0x00, 0x00, 0x00, 0x00, 0x00, 0x00, 0x22, 0x00, 0x00, 0x00, 0x00, 0x00, 0x07, 0x00,
    0x00, 0x54, 0x00, 0x00, 0x00, 0x00, 0x00, 0x00, 0x00, 0x00, 0x00, 0x00, 0x00, 0x00, 0x00, 0x00,
    0x2d, 0x00, 0x00, 0x00, 0x00, 0x00, 0x07, 0x00, 0x0c, 0x38, 0x00, 0x00, 0x00, 0x00, 0x00, 0x00,
    0x00, 0x00, 0x00, 0x00, 0x00, 0x00, 0x00, 0x00, 0x38, 0x00, 0x00, 0x00, 0x00, 0x00, 0x07, 0x00,
    0xe0, 0x3e, 0x00, 0x00, 0x00, 0x00, 0x00, 0x00, 0x00, 0x00, 0x00, 0x00, 0x00, 0x00, 0x00, 0x00,
    0x43, 0x00, 0x00, 0x00, 0x00, 0x00, 0x07, 0x00, 0xf0, 0x4a, 0x00, 0x00, 0x00, 0x00, 0x00, 0x00,
    0x00, 0x00, 0x00, 0x00, 0x00, 0x00, 0x00, 0x00, 0x4e, 0x00, 0x00, 0x00, 0x00, 0x00, 0x07, 0x00,
    0xf4, 0x53, 0x00, 0x00, 0x00, 0x00, 0x00, 0x00, 0x00, 0x00, 0x00, 0x00, 0x00, 0x00, 0x00, 0x00,
    0x59, 0x00, 0x00, 0x00, 0x00, 0x00, 0x07, 0x00, 0xe8, 0x6f, 0x00, 0x00, 0x00, 0x00, 0x00, 0x00,
    0x00, 0x00, 0x00, 0x00, 0x00, 0x00, 0x00, 0x00, 0x64, 0x00, 0x00, 0x00, 0x00, 0x00, 0x07, 0x00,
    0xd4, 0x5a, 0x00, 0x00, 0x00, 0x00, 0x00, 0x00, 0x00, 0x00, 0x00, 0x00, 0x00, 0x00, 0x00, 0x00,
    0x6f, 0x00, 0x00, 0x00, 0x00, 0x00, 0x07, 0x00, 0xe4, 0x66, 0x00, 0x00, 0x00, 0x00, 0x00, 0x00,
    0x00, 0x00, 0x00, 0x00, 0x00, 0x00, 0x00, 0x00, 0x7a, 0x00, 0x00, 0x00, 0x00, 0x00, 0x07, 0x00,
    0xd8, 0x71, 0x00, 0x00, 0x00, 0x00, 0x00, 0x00, 0x00, 0x00, 0x00, 0x00, 0x00, 0x00, 0x00, 0x00,
    0x85, 0x00, 0x00, 0x00, 0x00, 0x00, 0x07, 0x00, 0x30, 0x75, 0x00, 0x00, 0x00, 0x00, 0x00, 0x00,
    0x00, 0x00, 0x00, 0x00, 0x00, 0x00, 0x00, 0x00, 0x1d, 0x01, 0x00, 0x00, 0x00, 0x02, 0x08, 0x00,
    0x48, 0x85, 0x00, 0x00, 0x00, 0x00, 0x00, 0x00, 0x00, 0x00, 0x00, 0x00, 0x00, 0x00, 0x00, 0x00,
    0x90, 0x00, 0x00, 0x00, 0x12, 0x03, 0x07, 0x00, 0x00, 0x2e, 0x00, 0x00, 0x00, 0x00, 0x00, 0x00,
    0x00, 0x00, 0x00, 0x00, 0x00, 0x00, 0x00, 0x00, 0xd5, 0x00, 0x00, 0x00, 0x11, 0x00, 0x06, 0x00,
    0x00, 0x1d, 0x00, 0x00, 0x00, 0x00, 0x00, 0x00, 0x40, 0x00, 0x00, 0x00, 0x00, 0x00, 0x00, 0x00,
    0x00, 0x2e, 0x6e, 0x6f, 0x74, 0x65, 0x00, 0x2e, 0x64, 0x79, 0x6e, 0x73, 0x79, 0x6d, 0x00, 0x2e,
    0x67, 0x6e, 0x75, 0x2e, 0x68, 0x61, 0x73, 0x68, 0x00, 0x2e, 0x68, 0x61, 0x73, 0x68, 0x00, 0x2e,
    0x64, 0x79, 0x6e, 0x73, 0x74, 0x72, 0x00, 0x2e, 0x72, 0x6f, 0x64, 0x61, 0x74, 0x61, 0x00, 0x2e,
    0x74, 0x65, 0x78, 0x74, 0x00, 0x2e, 0x64, 0x79, 0x6e, 0x61, 0x6d, 0x69, 0x63, 0x00, 0x2e, 0x72,
    0x65, 0x6c, 0x72, 0x6f, 0x5f, 0x70, 0x61, 0x64, 0x64, 0x69, 0x6e, 0x67, 0x00, 0x2e, 0x63, 0x6f,
    0x6d, 0x6d, 0x65, 0x6e, 0x74, 0x00, 0x2e, 0x73, 0x79, 0x6d, 0x74, 0x61, 0x62, 0x00, 0x2e, 0x73,
    0x68, 0x73, 0x74, 0x72, 0x74, 0x61, 0x62, 0x00, 0x2e, 0x73, 0x74, 0x72, 0x74, 0x61, 0x62, 0x00,
    0x00, 0x6c, 0x61, 0x62, 0x65, 0x6c, 0x5f, 0x30, 0x30, 0x35, 0x43, 0x00, 0x6c, 0x61, 0x62, 0x65,
    0x6c, 0x5f, 0x30, 0x30, 0x33, 0x39, 0x00, 0x6c, 0x61, 0x62, 0x65, 0x6c, 0x5f, 0x31, 0x31, 0x44,
    0x30, 0x00, 0x6c, 0x61, 0x62, 0x65, 0x6c, 0x5f, 0x30, 0x39, 0x38, 0x30, 0x00, 0x6c, 0x61, 0x62,
    0x65, 0x6c, 0x5f, 0x30, 0x32, 0x38, 0x33, 0x00, 0x6c, 0x61, 0x62, 0x65, 0x6c, 0x5f, 0x30, 0x34,
    0x33, 0x38, 0x00, 0x6c, 0x61, 0x62, 0x65, 0x6c, 0x5f, 0x30, 0x37, 0x33, 0x43, 0x00, 0x6c, 0x61,
    0x62, 0x65, 0x6c, 0x5f, 0x30, 0x39, 0x37, 0x44, 0x00, 0x6c, 0x61, 0x62, 0x65, 0x6c, 0x5f, 0x31,
    0x30, 0x37, 0x41, 0x00, 0x6c, 0x61, 0x62, 0x65, 0x6c, 0x5f, 0x30, 0x42, 0x33, 0x35, 0x00, 0x6c,
    0x61, 0x62, 0x65, 0x6c, 0x5f, 0x30, 0x45, 0x33, 0x39, 0x00, 0x6c, 0x61, 0x62, 0x65, 0x6c, 0x5f,
    0x31, 0x30, 0x46, 0x36, 0x00, 0x6c, 0x61, 0x62, 0x65, 0x6c, 0x5f, 0x31, 0x31, 0x43, 0x43, 0x00,
    0x5f, 0x5a, 0x4e, 0x35, 0x61, 0x69, 0x74, 0x65, 0x72, 0x35, 0x36, 0x66, 0x6d, 0x6f, 0x65, 0x5f,
    0x62, 0x66, 0x31, 0x36, 0x5f, 0x70, 0x65, 0x72, 0x74, 0x6f, 0x6b, 0x65, 0x6e, 0x4d, 0x58, 0x66,
    0x70, 0x34, 0x5f, 0x67, 0x31, 0x75, 0x31, 0x5f, 0x6e, 0x6f, 0x76, 0x73, 0x5f, 0x73, 0x69, 0x6c,
    0x75, 0x5f, 0x32, 0x74, 0x67, 0x5f, 0x70, 0x73, 0x5f, 0x32, 0x74, 0x67, 0x5f, 0x33, 0x32, 0x78,
    0x32, 0x35, 0x36, 0x45, 0x00, 0x5f, 0x5a, 0x4e, 0x35, 0x61, 0x69, 0x74, 0x65, 0x72, 0x35, 0x36,
    0x66, 0x6d, 0x6f, 0x65, 0x5f, 0x62, 0x66, 0x31, 0x36, 0x5f, 0x70, 0x65, 0x72, 0x74, 0x6f, 0x6b,
    0x65, 0x6e, 0x4d, 0x58, 0x66, 0x70, 0x34, 0x5f, 0x67, 0x31, 0x75, 0x31, 0x5f, 0x6e, 0x6f, 0x76,
    0x73, 0x5f, 0x73, 0x69, 0x6c, 0x75, 0x5f, 0x32, 0x74, 0x67, 0x5f, 0x70, 0x73, 0x5f, 0x32, 0x74,
    0x67, 0x5f, 0x33, 0x32, 0x78, 0x32, 0x35, 0x36, 0x45, 0x2e, 0x6b, 0x64, 0x00, 0x5f, 0x44, 0x59,
    0x4e, 0x41, 0x4d, 0x49, 0x43, 0x00, 0x00, 0x00, 0x00, 0x00, 0x00, 0x00, 0x00, 0x00, 0x00, 0x00,
    0x00, 0x00, 0x00, 0x00, 0x00, 0x00, 0x00, 0x00, 0x00, 0x00, 0x00, 0x00, 0x00, 0x00, 0x00, 0x00,
    0x00, 0x00, 0x00, 0x00, 0x00, 0x00, 0x00, 0x00, 0x00, 0x00, 0x00, 0x00, 0x00, 0x00, 0x00, 0x00,
    0x00, 0x00, 0x00, 0x00, 0x00, 0x00, 0x00, 0x00, 0x00, 0x00, 0x00, 0x00, 0x00, 0x00, 0x00, 0x00,
    0x00, 0x00, 0x00, 0x00, 0x00, 0x00, 0x00, 0x00, 0x01, 0x00, 0x00, 0x00, 0x07, 0x00, 0x00, 0x00,
    0x02, 0x00, 0x00, 0x00, 0x00, 0x00, 0x00, 0x00, 0x00, 0x02, 0x00, 0x00, 0x00, 0x00, 0x00, 0x00,
    0x00, 0x02, 0x00, 0x00, 0x00, 0x00, 0x00, 0x00, 0xdc, 0x19, 0x00, 0x00, 0x00, 0x00, 0x00, 0x00,
    0x00, 0x00, 0x00, 0x00, 0x00, 0x00, 0x00, 0x00, 0x04, 0x00, 0x00, 0x00, 0x00, 0x00, 0x00, 0x00,
    0x00, 0x00, 0x00, 0x00, 0x00, 0x00, 0x00, 0x00, 0x07, 0x00, 0x00, 0x00, 0x0b, 0x00, 0x00, 0x00,
    0x02, 0x00, 0x00, 0x00, 0x00, 0x00, 0x00, 0x00, 0xe0, 0x1b, 0x00, 0x00, 0x00, 0x00, 0x00, 0x00,
    0xe0, 0x1b, 0x00, 0x00, 0x00, 0x00, 0x00, 0x00, 0x48, 0x00, 0x00, 0x00, 0x00, 0x00, 0x00, 0x00,
    0x05, 0x00, 0x00, 0x00, 0x01, 0x00, 0x00, 0x00, 0x08, 0x00, 0x00, 0x00, 0x00, 0x00, 0x00, 0x00,
    0x18, 0x00, 0x00, 0x00, 0x00, 0x00, 0x00, 0x00, 0x0f, 0x00, 0x00, 0x00, 0xf6, 0xff, 0xff, 0x6f,
    0x02, 0x00, 0x00, 0x00, 0x00, 0x00, 0x00, 0x00, 0x28, 0x1c, 0x00, 0x00, 0x00, 0x00, 0x00, 0x00,
    0x28, 0x1c, 0x00, 0x00, 0x00, 0x00, 0x00, 0x00, 0x24, 0x00, 0x00, 0x00, 0x00, 0x00, 0x00, 0x00,
    0x02, 0x00, 0x00, 0x00, 0x00, 0x00, 0x00, 0x00, 0x08, 0x00, 0x00, 0x00, 0x00, 0x00, 0x00, 0x00,
    0x00, 0x00, 0x00, 0x00, 0x00, 0x00, 0x00, 0x00, 0x19, 0x00, 0x00, 0x00, 0x05, 0x00, 0x00, 0x00,
    0x02, 0x00, 0x00, 0x00, 0x00, 0x00, 0x00, 0x00, 0x4c, 0x1c, 0x00, 0x00, 0x00, 0x00, 0x00, 0x00,
    0x4c, 0x1c, 0x00, 0x00, 0x00, 0x00, 0x00, 0x00, 0x20, 0x00, 0x00, 0x00, 0x00, 0x00, 0x00, 0x00,
    0x02, 0x00, 0x00, 0x00, 0x00, 0x00, 0x00, 0x00, 0x04, 0x00, 0x00, 0x00, 0x00, 0x00, 0x00, 0x00,
    0x04, 0x00, 0x00, 0x00, 0x00, 0x00, 0x00, 0x00, 0x1f, 0x00, 0x00, 0x00, 0x03, 0x00, 0x00, 0x00,
    0x02, 0x00, 0x00, 0x00, 0x00, 0x00, 0x00, 0x00, 0x6c, 0x1c, 0x00, 0x00, 0x00, 0x00, 0x00, 0x00,
    0x6c, 0x1c, 0x00, 0x00, 0x00, 0x00, 0x00, 0x00, 0x8e, 0x00, 0x00, 0x00, 0x00, 0x00, 0x00, 0x00,
    0x00, 0x00, 0x00, 0x00, 0x00, 0x00, 0x00, 0x00, 0x01, 0x00, 0x00, 0x00, 0x00, 0x00, 0x00, 0x00,
    0x00, 0x00, 0x00, 0x00, 0x00, 0x00, 0x00, 0x00, 0x27, 0x00, 0x00, 0x00, 0x01, 0x00, 0x00, 0x00,
    0x02, 0x00, 0x00, 0x00, 0x00, 0x00, 0x00, 0x00, 0x00, 0x1d, 0x00, 0x00, 0x00, 0x00, 0x00, 0x00,
    0x00, 0x1d, 0x00, 0x00, 0x00, 0x00, 0x00, 0x00, 0x40, 0x00, 0x00, 0x00, 0x00, 0x00, 0x00, 0x00,
    0x00, 0x00, 0x00, 0x00, 0x00, 0x00, 0x00, 0x00, 0x40, 0x00, 0x00, 0x00, 0x00, 0x00, 0x00, 0x00,
    0x00, 0x00, 0x00, 0x00, 0x00, 0x00, 0x00, 0x00, 0x2f, 0x00, 0x00, 0x00, 0x01, 0x00, 0x00, 0x00,
    0x06, 0x00, 0x00, 0x00, 0x00, 0x00, 0x00, 0x00, 0x00, 0x2e, 0x00, 0x00, 0x00, 0x00, 0x00, 0x00,
    0x00, 0x1e, 0x00, 0x00, 0x00, 0x00, 0x00, 0x00, 0x48, 0x47, 0x00, 0x00, 0x00, 0x00, 0x00, 0x00,
    0x00, 0x00, 0x00, 0x00, 0x00, 0x00, 0x00, 0x00, 0x00, 0x01, 0x00, 0x00, 0x00, 0x00, 0x00, 0x00,
    0x00, 0x00, 0x00, 0x00, 0x00, 0x00, 0x00, 0x00, 0x35, 0x00, 0x00, 0x00, 0x06, 0x00, 0x00, 0x00,
    0x03, 0x00, 0x00, 0x00, 0x00, 0x00, 0x00, 0x00, 0x48, 0x85, 0x00, 0x00, 0x00, 0x00, 0x00, 0x00,
    0x48, 0x65, 0x00, 0x00, 0x00, 0x00, 0x00, 0x00, 0x70, 0x00, 0x00, 0x00, 0x00, 0x00, 0x00, 0x00,
    0x05, 0x00, 0x00, 0x00, 0x00, 0x00, 0x00, 0x00, 0x08, 0x00, 0x00, 0x00, 0x00, 0x00, 0x00, 0x00,
    0x10, 0x00, 0x00, 0x00, 0x00, 0x00, 0x00, 0x00, 0x3e, 0x00, 0x00, 0x00, 0x08, 0x00, 0x00, 0x00,
    0x03, 0x00, 0x00, 0x00, 0x00, 0x00, 0x00, 0x00, 0xb8, 0x85, 0x00, 0x00, 0x00, 0x00, 0x00, 0x00,
    0xb8, 0x65, 0x00, 0x00, 0x00, 0x00, 0x00, 0x00, 0x48, 0x0a, 0x00, 0x00, 0x00, 0x00, 0x00, 0x00,
    0x00, 0x00, 0x00, 0x00, 0x00, 0x00, 0x00, 0x00, 0x01, 0x00, 0x00, 0x00, 0x00, 0x00, 0x00, 0x00,
    0x00, 0x00, 0x00, 0x00, 0x00, 0x00, 0x00, 0x00, 0x4d, 0x00, 0x00, 0x00, 0x01, 0x00, 0x00, 0x00,
    0x30, 0x00, 0x00, 0x00, 0x00, 0x00, 0x00, 0x00, 0x00, 0x00, 0x00, 0x00, 0x00, 0x00, 0x00, 0x00,
    0xb8, 0x65, 0x00, 0x00, 0x00, 0x00, 0x00, 0x00, 0xaf, 0x00, 0x00, 0x00, 0x00, 0x00, 0x00, 0x00,
    0x00, 0x00, 0x00, 0x00, 0x00, 0x00, 0x00, 0x00, 0x01, 0x00, 0x00, 0x00, 0x00, 0x00, 0x00, 0x00,
    0x01, 0x00, 0x00, 0x00, 0x00, 0x00, 0x00, 0x00, 0x56, 0x00, 0x00, 0x00, 0x02, 0x00, 0x00, 0x00,
    0x00, 0x00, 0x00, 0x00, 0x00, 0x00, 0x00, 0x00, 0x00, 0x00, 0x00, 0x00, 0x00, 0x00, 0x00, 0x00,
    0x68, 0x66, 0x00, 0x00, 0x00, 0x00, 0x00, 0x00, 0x98, 0x01, 0x00, 0x00, 0x00, 0x00, 0x00, 0x00,
    0x0d, 0x00, 0x00, 0x00, 0x0f, 0x00, 0x00, 0x00, 0x08, 0x00, 0x00, 0x00, 0x00, 0x00, 0x00, 0x00,
    0x18, 0x00, 0x00, 0x00, 0x00, 0x00, 0x00, 0x00, 0x5e, 0x00, 0x00, 0x00, 0x03, 0x00, 0x00, 0x00,
    0x00, 0x00, 0x00, 0x00, 0x00, 0x00, 0x00, 0x00, 0x00, 0x00, 0x00, 0x00, 0x00, 0x00, 0x00, 0x00,
    0x00, 0x68, 0x00, 0x00, 0x00, 0x00, 0x00, 0x00, 0x70, 0x00, 0x00, 0x00, 0x00, 0x00, 0x00, 0x00,
    0x00, 0x00, 0x00, 0x00, 0x00, 0x00, 0x00, 0x00, 0x01, 0x00, 0x00, 0x00, 0x00, 0x00, 0x00, 0x00,
    0x00, 0x00, 0x00, 0x00, 0x00, 0x00, 0x00, 0x00, 0x68, 0x00, 0x00, 0x00, 0x03, 0x00, 0x00, 0x00,
    0x00, 0x00, 0x00, 0x00, 0x00, 0x00, 0x00, 0x00, 0x00, 0x00, 0x00, 0x00, 0x00, 0x00, 0x00, 0x00,
    0x70, 0x68, 0x00, 0x00, 0x00, 0x00, 0x00, 0x00, 0x26, 0x01, 0x00, 0x00, 0x00, 0x00, 0x00, 0x00,
    0x00, 0x00, 0x00, 0x00, 0x00, 0x00, 0x00, 0x00, 0x01, 0x00, 0x00, 0x00, 0x00, 0x00, 0x00, 0x00,
    0x00, 0x00, 0x00, 0x00, 0x00, 0x00, 0x00, 0x00,
};
static const size_t aiter_fmoe_co_size = 27928;
